"","X","Y","class"
"1",8.05813203071051,4.55772430867578,1
"2",2.69045838126067,0.840474169569882,1
"3",3.34512885329066,0.0319494409944086,1
"4",3.30412818315892,5.77313613553195,1
"5",4.78314342244232,1.80340295118456,1
"6",4.97023882292,2.31412445447109,1
"7",8.59091103324277,2.43074464714031,1
"8",7.4273152612212,5.82628660112081,1
"9",5.93006179925515,1.3682429947715,1
"10",7.27130470089329,5.22574452809968,1
"11",9.0937969594523,3.75188358631755,1
"12",3.7171774881229,5.74411670680622,1
"13",6.09988852092578,3.74722967470793,1
"14",7.31708044849282,5.25510312168123,1
"15",5.29425949137936,0.772574344915103,1
"16",3.09414079747219,4.08405706006443,1
"17",4.77948058697256,2.83846491255849,1
"18",3.89670222142531,2.52510407673478,1
"19",9.24166643531457,1.73702306943076,1
"20",9.50038080105829,2.53271543855521,1
"21",2.6953058385896,3.74435038342242,1
"22",6.47923894372594,-0.652461353259541,1
"23",5.07387086433277,1.78759484846582,1
"24",7.17098805043649,0.396859568924597,1
"25",3.97010571940262,6.40118504366414,1
"26",5.96578059502444,4.32788653831093,1
"27",5.79830362300903,3.82159320949787,1
"28",2.440232166558,3.06053693368842,1
"29",6.04605121389522,-0.924694258719204,1
"30",4.20419355511884,2.86953046009812,1
"31",5.89774030719195,4.44828967422175,1
"32",7.66504324094244,3.46925270724156,1
"33",4.98961687172297,6.75497474428871,1
"34",5.95851193394434,5.02442773626465,1
"35",3.97170469748712,0.676369228018037,1
"36",2.56566437121247,1.61959398406893,1
"37",6.74476048863761,1.31697340344448,1
"38",2.73435938470242,3.78460217755935,1
"39",8.07734887792559,4.08295445456209,1
"40",5.45617104492918,4.72948170564843,1
"41",6.92670902220387,1.01621633771834,1
"42",6.57635138475462,-0.407889558088087,1
"43",7.02868698197912,4.03186100666995,1
"44",7.63924741686807,5.51336709663292,1
"45",3.47795647328557,5.65528611899708,1
"46",5.30513268278428,6.29490138652216,1
"47",3.69130708151134,4.42951601392659,1
"48",6.71276838248045,4.2881501787338,1
"49",6.26790879834003,0.697373392452173,1
"50",4.90955881283489,-0.603773245056424,1
"51",7.52083368636504,0.958861044591728,1
"52",4.15327995873029,4.25826361397402,1
"53",6.53052432577254,5.39275712894211,1
"54",3.26851586262367,4.49188705421753,1
"55",6.98683375429814,0.207817537763576,1
"56",9.3644247912832,1.94704365196694,1
"57",6.24913202045731,3.12771158814153,1
"58",6.10749196172725,0.911152048286618,1
"59",9.90654276669627,2.27790183982212,1
"60",6.3357091774458,1.19150154564031,1
"61",8.4511675048859,4.40082307897954,1
"62",5.359115340228,6.51045975271484,1
"63",5.98182727418625,1.36792110689847,1
"64",8.24985239554995,5.94738142433733,1
"65",3.22071186416832,0.535838284098241,1
"66",7.67927947219206,0.318583025568751,1
"67",6.19848951850472,1.33469286906925,1
"68",3.0013485538087,1.50463747064754,1
"69",4.72156457830972,0.00841307934029834,1
"70",9.36783645760207,1.66211876896563,1
"71",6.30470476928991,5.37255285822094,1
"72",8.41555208782699,1.34673983524816,1
"73",3.54362504923137,1.35412011285711,1
"74",5.80467289335868,3.44290028423282,1
"75",5.62672219598796,6.302206071145,1
"76",5.84139613447393,4.69578698799155,1
"77",8.07663437321613,2.98896971391666,1
"78",7.18567402820904,1.73611955854142,1
"79",5.31496397526369,5.95529384999021,1
"80",7.42485769856273,3.1522845037505,1
"81",5.99069539725698,2.44847278480669,1
"82",6.91706601775568,3.18900603488759,1
"83",9.18999547487116,4.5633466140701,1
"84",4.80789833626569,3.13248104545253,1
"85",9.34558495529754,3.31006442166544,1
"86",4.76635777139292,-0.0564498948024328,1
"87",3.38250532248605,4.51243055464531,1
"88",9.46385450153055,4.92417180343872,1
"89",7.83251353040612,5.08441987959063,1
"90",2.89309976780187,2.27174260759947,1
"91",5.62150974220309,4.66618157448749,1
"92",6.21043883444343,4.2045649064654,1
"93",6.6380620409242,3.5343452839954,1
"94",4.52019106328412,3.44145833257689,1
"95",7.74828452694764,3.62942551950853,1
"96",4.1539800574001,1.18170732777239,1
"97",4.69109314566416,4.55269730707551,1
"98",5.08687154776734,2.23727268533616,1
"99",6.68768586390923,2.52049837109716,1
"100",3.59963239264261,1.41021854240764,1
"101",2.81564284728417,3.05143045008747,1
"102",3.9434751749991,3.73296241162604,1
"103",3.23288326423269,2.12969872889275,1
"104",8.34037447904629,2.25838212566448,1
"105",4.19188290372585,0.587880949842976,1
"106",9.39999735983034,4.03079343521274,1
"107",6.84904413241796,1.68585848257735,1
"108",9.09042349056204,4.43295766337538,1
"109",7.15448931111256,-0.667439335054052,1
"110",7.12529157238476,2.10065792988637,1
"111",2.39114118723936,3.1157448868291,1
"112",9.82609329602834,3.80811362727088,1
"113",5.90050377949421,2.59132435078075,1
"114",4.01188494188125,3.06615375885982,1
"115",5.65206610244724,-0.328453203707584,1
"116",4.10384727946165,4.09199103936759,1
"117",3.79264592534858,5.56789269723607,1
"118",4.16905717583336,-0.500928959244719,1
"119",3.4167063515935,0.838375252448122,1
"120",8.38198926216864,1.07806605828346,1
"121",4.19639982807628,0.439776701622419,1
"122",7.00381733752565,5.55699810400169,1
"123",6.12191288655637,0.368616642386434,1
"124",6.39569576589079,-0.368953721849378,1
"125",6.41665138279287,0.589035181209239,1
"126",5.04721061996941,4.00281033667467,1
"127",6.83560197013349,1.20721044151799,1
"128",8.63621227076611,0.234817134965877,1
"129",2.71728273706263,2.78265647303596,1
"130",5.33498277523531,6.84888830521534,1
"131",4.72805535466562,6.1994142865757,1
"132",3.89115272240414,3.2777020079666,1
"133",8.96365655149132,5.35664957327924,1
"134",6.23448376560274,-0.323471739427494,1
"135",2.7724718545991,3.71038738313341,1
"136",6.02398639448625,0.70173004659703,1
"137",4.33061281622724,6.23758173249455,1
"138",4.17346410099289,0.542965011715734,1
"139",4.51947025038814,3.9393577937516,1
"140",6.61047564930532,4.24076560034844,1
"141",8.7498328844306,2.27847411892177,1
"142",8.34509401750771,5.00887315063945,1
"143",5.13638392602471,4.64814986129046,1
"144",7.89959800758744,3.27621321255635,1
"145",3.9420815566642,3.57395206861949,1
"146",4.29698036662896,3.95997505664484,1
"147",2.70859987307201,5.08376135255615,1
"148",3.91987491005594,0.045084946833533,1
"149",2.50744202640212,1.15484114507585,1
"150",5.0383636332867,5.69335226669871,1
"151",8.07884600716961,4.81572556372883,1
"152",2.91373252281218,2.61109400884335,1
"153",4.66893833967868,-0.514524145423383,1
"154",3.83357666838226,2.16460899292207,1
"155",7.85662992080542,5.12415928803735,1
"156",5.77546297831194,5.54993874754162,1
"157",6.06284823497665,4.41050242441181,1
"158",9.84389884064127,3.98564781903241,1
"159",2.37514925666069,1.98979539605539,1
"160",6.73455835973452,5.7184086857723,1
"161",7.75958733896407,3.32997650196646,1
"162",3.34658026533186,0.551113329090941,1
"163",4.74882212389567,5.14710755727581,1
"164",4.39649742267829,1.40730423387467,1
"165",7.20897473105844,6.31105408312213,1
"166",8.79410555095958,3.8250359604895,1
"167",8.43782946851508,0.5311490146988,1
"168",6.04448332160403,4.66360433741217,1
"169",7.93175493136577,2.68112345151593,1
"170",3.36352387049684,0.90951229467384,1
"171",4.5110939713062,1.43446017240235,1
"172",5.83334022133263,6.07997586362485,1
"173",4.04631530798047,0.938668381803095,1
"174",6.66120532205352,6.30516366367651,1
"175",8.33958068305089,5.49713761985071,1
"176",4.97682036336754,4.27118029099968,1
"177",4.45476482020784,6.41040936644676,1
"178",3.70698441411788,2.68110057354933,1
"179",4.39808928686027,-0.100280537069791,1
"180",4.19535988589981,1.91302589290066,1
"181",8.91994401194124,4.02263873829058,1
"182",3.29337686109297,1.10038887056453,1
"183",5.71275191382244,2.70201300588754,1
"184",5.10789069537352,2.21061183940659,1
"185",7.93122776864133,2.19068287883076,1
"186",4.94325391717283,3.416155402302,1
"187",4.31525510888456,1.62085289756,1
"188",5.33921869188632,5.91905238617798,1
"189",3.97582379487362,6.43306018997355,1
"190",3.94509374805298,-0.247575050973805,1
"191",6.33426440797744,4.21836432244423,1
"192",6.84139496660845,3.69854013020176,1
"193",7.9865113203894,-0.335072774469026,1
"194",5.23453479115268,0.38424381019039,1
"195",3.64473578372,0.809562684077594,1
"196",5.57079722625112,5.69135572346822,1
"197",2.49432061084013,3.2909183169268,1
"198",4.84930445473638,-0.80799488705353,1
"199",7.67405558466924,3.63403146264648,1
"200",3.98264829677486,0.198332005777648,1
"201",4.72352720305017,3.72412384387545,1
"202",5.96483639814105,5.312954206509,1
"203",9.07753856393259,3.09718744692201,1
"204",6.18019458039381,0.393358392311594,1
"205",2.6613358101532,3.85719078762294,1
"206",2.31342792160336,2.87730549035285,1
"207",3.29850872798065,0.671537977716818,1
"208",6.02661467621545,3.78216081137345,1
"209",9.63581951404149,3.65290132855088,1
"210",4.18466672200208,2.41754354040108,1
"211",6.85636850801892,-0.580080553650123,1
"212",3.95786862380879,2.90551297975045,1
"213",3.44679406441529,0.211412880963517,1
"214",5.67631016921757,3.7685082406159,1
"215",6.44908908839604,-0.120267275595592,1
"216",7.18606946787296,3.04214178834262,1
"217",9.50403673787254,3.2253266192342,1
"218",5.28951550626797,4.74980495230668,1
"219",4.79521597035677,4.3844940949455,1
"220",5.36246843662051,5.1165179104737,1
"221",4.94070566838953,3.92565896928244,1
"222",6.83436733240192,6.39521824760769,1
"223",6.78931420555638,-0.808094008545586,1
"224",9.32770984502566,4.68326368786076,1
"225",7.96979162389315,2.78886044618578,1
"226",3.07904338838018,1.25714018760029,1
"227",6.55070999569901,6.18294538907959,1
"228",6.9230841081904,0.559326409305768,1
"229",4.81604869862421,5.61057274317882,1
"230",7.24573706585696,0.0618985649843111,1
"231",4.74058819359691,-0.749705795026839,1
"232",9.11345974193536,2.02241333167596,1
"233",2.4304857502892,1.43249451582927,1
"234",4.6712696854434,3.08375511103688,1
"235",6.28255359717152,1.74594239695635,1
"236",8.48433033485097,5.32521896921376,1
"237",5.67197742321517,3.01842892677986,1
"238",7.52574258825187,5.41016614251824,1
"239",6.55331501402422,1.00895100630718,1
"240",7.75104101976308,0.604611060256814,1
"241",4.80558574540871,1.51465147889893,1
"242",3.65534644968606,0.293074471425839,1
"243",7.81514282980959,3.55146740984961,1
"244",5.50251543979241,4.21948736358278,1
"245",8.85845781027926,1.43896495592235,1
"246",5.33039501997401,1.46364512063399,1
"247",4.67529447485087,0.795820837676438,1
"248",9.27883431685568,5.07403601039426,1
"249",8.10190823170621,0.536631348617481,1
"250",4.1559582698984,1.06765299556985,1
"251",3.67064864751162,-0.155929190280759,1
"252",9.73831859034439,2.93832146694021,1
"253",6.75679802753913,1.95583040188342,1
"254",6.76206532052545,4.59819715474492,1
"255",9.11167107180009,1.91000281049395,1
"256",5.28426337888131,-0.101149467665333,1
"257",5.63286020592224,2.00669119492327,1
"258",5.54469996666613,5.36852901231033,1
"259",7.04329649430878,-0.47342414138956,1
"260",8.21642736359698,0.731130455718788,1
"261",5.41278366842596,6.18516019451561,1
"262",2.47432300270897,4.1060461633152,1
"263",7.83699113947844,4.69097531824185,1
"264",7.88638002044987,2.22942261145353,1
"265",2.38765480579285,3.43481540216859,1
"266",3.46347130479285,5.5182925516917,1
"267",6.40743033490708,6.56440563408364,1
"268",6.76446371013449,5.1027766351741,1
"269",8.86381488251486,4.21172082476756,1
"270",8.54977796697779,3.10587707113636,1
"271",8.2657057600454,1.20748370541598,1
"272",4.99031716880667,5.18550242253854,1
"273",5.62519796301428,6.57725185885491,1
"274",5.13794454460775,5.3568728689383,1
"275",6.65601588477414,2.50773426043361,1
"276",6.30086660741385,4.44526983434041,1
"277",3.6773129375918,2.50788428673698,1
"278",9.46283949001872,4.26395387109788,1
"279",7.12359231993485,0.928084580306721,1
"280",4.91206879395455,4.69025126685239,1
"281",8.10571386324099,1.21001435447208,1
"282",8.86260429195048,1.16358162215616,1
"283",2.59606566660568,2.62287797448783,1
"284",7.25393404500814,-0.365898745988908,1
"285",6.61958886688698,2.85644215579266,1
"286",6.11132668422081,4.063925550972,1
"287",7.41751118838947,-0.486832151012436,1
"288",8.29692951477483,3.57205427399776,1
"289",5.24823923901774,3.07041323785372,1
"290",9.01385443744404,5.38407109346472,1
"291",4.91591286018801,1.25787493650639,1
"292",8.0111424872638,5.59559151194867,1
"293",9.87709970173207,2.8056887891572,1
"294",5.74908349651083,4.18861849864058,1
"295",4.07151796863757,5.92665566039686,1
"296",5.69614814318854,6.80171069120799,1
"297",7.83753207216473,2.67246940310267,1
"298",4.39743752843857,3.38640678796821,1
"299",3.79640791961454,4.39061039646792,1
"300",3.98010809899956,3.13176333785659,1
"301",6.29700855068186,-0.589603607320455,1
"302",2.27725822683259,3.79172385923552,1
"303",5.81176809460829,-0.827235138394719,1
"304",5.338902617123,-0.596640310129256,1
"305",6.97652548562726,0.0039828041224097,1
"306",6.36243856140271,3.32818984863584,1
"307",7.39832626002637,1.64012419426116,1
"308",7.83952978227337,-0.53847595291035,1
"309",4.56017363647195,-0.331327094484652,1
"310",4.90032319774051,6.20289378196099,1
"311",3.95736694600875,0.874110287523111,1
"312",2.86251945849279,5.34028643645635,1
"313",4.19476038464124,1.17458481448271,1
"314",7.00264118707433,2.4429779534071,1
"315",5.14021858927251,-0.101593517745265,1
"316",8.38948971773651,1.70345654453562,1
"317",2.96669932165196,3.28869416871526,1
"318",3.90351546580589,3.60462817958907,1
"319",3.42465493673459,4.48142193856321,1
"320",4.55603379678557,2.4610808182969,1
"321",4.54743178502139,6.34163765999971,1
"322",9.43269491378041,4.53430015719946,1
"323",7.9097909635533,5.24130563128351,1
"324",5.54507734591386,2.0161124585345,1
"325",7.92928647118774,0.188232244595079,1
"326",6.44538388197673,3.05083924883569,1
"327",6.0007501067431,3.78796778585708,1
"328",6.0904307084193,0.775982351142336,1
"329",5.16625024388605,3.37748340524179,1
"330",6.15086924824286,6.08194657686003,1
"331",5.87760819030107,3.29215588958381,1
"332",7.84347754902144,3.40721153429214,1
"333",6.19295437776401,6.03766350850784,1
"334",9.92411558664873,3.67753404358759,1
"335",4.86473273205463,6.0405431038314,1
"336",4.80606812959558,5.98758052734154,1
"337",4.76291445034623,3.85749646618259,1
"338",2.16213639919049,1.9062501251014,1
"339",3.51539408322345,5.024050820902,1
"340",4.12766755811012,-0.508077180358455,1
"341",5.90545727290399,2.4921857998304,1
"342",6.1982898696652,0.899238707240149,1
"343",7.96870254809771,3.66333560024853,1
"344",7.21842369444535,5.39965368382973,1
"345",2.63869513101842,2.67557972135157,1
"346",4.21113577648265,2.26636016612232,1
"347",4.48493735938348,2.3272807368886,1
"348",4.99853815940872,-0.625668276115717,1
"349",4.44740996957629,3.52333534190462,1
"350",3.55383180688535,4.37558624981058,1
"351",4.54606404380262,-0.0997198163946877,1
"352",7.55606908738329,5.96359742985447,1
"353",4.75454436062809,4.52707602563688,1
"354",7.77285456268618,1.09505450777342,1
"355",6.57508815929227,6.40358146467214,1
"356",3.16421429068823,4.92759469663307,1
"357",2.13467995700842,3.87790009234496,1
"358",5.80740729732551,0.860120920233168,1
"359",4.70486298166416,4.52133329315445,1
"360",3.96762308051628,5.38923926165575,1
"361",6.40921244995555,0.421809492102283,1
"362",5.91448738902668,5.23889359032435,1
"363",6.17649223838097,-0.326822323995949,1
"364",7.77385517371799,-0.507752274660286,1
"365",5.93662062182706,3.51412173272024,1
"366",2.89399875248558,5.21213983694799,1
"367",6.15296231704219,0.194943672981525,1
"368",6.08267779508521,3.13789692082457,1
"369",7.48183504363068,0.493158207900172,1
"370",5.0246971692587,4.18853197333318,1
"371",6.96487059647215,4.39240441156118,1
"372",6.74337878231128,-0.724859507429352,1
"373",7.15137409801142,2.09804661701701,1
"374",4.53754205055654,2.13825266194853,1
"375",5.96688886408006,6.29350524587846,1
"376",7.93583621288413,3.74195903853429,1
"377",7.34028706843711,5.08068248715772,1
"378",9.7145087216509,2.84166373609453,1
"379",5.96508185928223,2.25699605827011,1
"380",8.72309946583313,2.80752609665736,1
"381",4.62973795456236,6.41352905406284,1
"382",5.94469753533571,0.849087232326699,1
"383",7.28488534917192,2.89599190845208,1
"384",7.27515115988882,5.09108761434697,1
"385",6.36254495467277,6.83847114010137,1
"386",8.09465874399009,3.95252013626922,1
"387",4.39058694981286,2.46424092612995,1
"388",5.5541847533748,-0.0268711503344954,1
"389",4.07619419630015,3.07977436970846,1
"390",9.42271178533817,2.54460454056379,1
"391",6.74714047067047,6.2158346834688,1
"392",4.93970810073312,5.48516691922894,1
"393",2.59848357298886,4.18881051807269,1
"394",6.6963121031283,0.683668709190806,1
"395",4.98730829299597,1.30595969262594,1
"396",8.04712574478359,1.66349058480664,1
"397",6.59101420514609,0.552292439002829,1
"398",9.58791333261368,2.89787155748829,1
"399",8.91519734167198,4.34517048099711,1
"400",3.94583177916117,3.35887595950968,1
"401",4.24190022444504,6.48408534191916,1
"402",5.19971242662647,3.47224032058634,1
"403",7.85836844081801,2.40509914767532,1
"404",3.3006579907234,0.0913637293724272,1
"405",3.32775215799542,5.090916071564,1
"406",4.60920202509171,3.85415619089582,1
"407",3.71247899018035,5.81449730824374,1
"408",6.98499308846003,6.30349236775492,1
"409",4.90814202298089,2.32224414943916,1
"410",7.30709065862535,1.30947917717954,1
"411",3.73172244449733,0.93556094507406,1
"412",6.76144471534628,5.60349910252072,1
"413",6.79531577951951,1.39710958389645,1
"414",6.19715080856073,1.46952230776767,1
"415",4.66020887099943,6.46065840300786,1
"416",9.46980140948432,1.09012719319979,1
"417",7.19900506998372,1.46910109008805,1
"418",8.38220112279289,1.35685493987883,1
"419",3.14782636058044,1.28785760730332,1
"420",7.73244494881012,2.36563342432164,1
"421",9.4890720516916,2.16011303533731,1
"422",3.40310562838387,1.51647247280887,1
"423",6.18153819614973,-0.759631731468005,1
"424",7.05278042093379,1.66442266542812,1
"425",5.56562869547119,6.96820777232583,1
"426",6.80647691027059,1.96061695525273,1
"427",7.25317639893243,0.524622309753806,1
"428",3.77867042867506,5.15444046004445,1
"429",3.85604258177629,0.290696946787443,1
"430",8.48705771732788,4.24519834167244,1
"431",7.10339215754923,5.16780188871904,1
"432",3.31332919563333,2.78454835625741,1
"433",9.52399172726551,2.0578988092679,1
"434",4.69131675104465,3.16687593004681,1
"435",4.14846015943887,4.91290779004922,1
"436",8.97176825709554,0.823876548391397,1
"437",3.72813587252828,5.04953296452013,1
"438",6.75104518042281,6.79668960942446,1
"439",8.26352365769113,4.93033904443187,1
"440",6.30428965952982,1.49444808197233,1
"441",2.25894298850345,4.08281650361008,1
"442",3.12103115954553,3.52420594476092,1
"443",4.19266627091282,2.53622841442305,1
"444",5.20786685048712,2.50824213420536,1
"445",5.92446187860962,-0.0473127510702112,1
"446",5.60406874988318,4.50378571089586,1
"447",8.02921219035983,2.86256647765667,1
"448",7.15201927696928,-0.00185071638085477,1
"449",4.73705276652139,1.67721148198316,1
"450",4.37508686298198,0.850101046458528,1
"451",5.5081253647572,0.641158405341878,1
"452",6.58443210185568,6.49657257981076,1
"453",3.09573766174308,5.33037047283206,1
"454",2.58595286995853,2.46870517587209,1
"455",4.81306386412548,4.12801581175401,1
"456",5.09641511090046,-0.881677902741126,1
"457",9.1939521288,1.79459939765149,1
"458",3.95371942065111,5.34199010857151,1
"459",5.89686402695545,2.93183958592707,1
"460",5.46277429005885,2.86900260516633,1
"461",9.58305306038227,3.15834525487518,1
"462",4.39831226174828,3.39261886542055,1
"463",7.8604039187544,4.2223201059348,1
"464",8.4276540219322,2.77881716887563,1
"465",7.75442604407351,2.87976594114118,1
"466",2.56453976499196,2.28253982066627,1
"467",3.92813593535503,-0.29377768212449,1
"468",8.14048599301141,5.7513964616969,1
"469",8.07021206985878,5.44251621590458,1
"470",4.47334570306703,5.54012484020195,1
"471",6.53218383008271,0.337831114841137,1
"472",3.14996398237513,3.97988850473611,1
"473",2.96465629351473,2.14775404302356,1
"474",4.08108474317291,6.49891650416348,1
"475",4.82008314230307,3.16391138702442,1
"476",4.47996590467861,6.29742933647739,1
"477",5.99040173428529,0.479049340421633,1
"478",6.24472300592291,3.19272258445251,1
"479",4.70400070533721,4.61868997240253,1
"480",5.35433908937411,4.96836840044415,1
"481",4.16633565090799,4.5560216903289,1
"482",5.29623429986541,4.58203056997268,1
"483",6.7796563149656,3.95546837018158,1
"484",7.32817507823701,1.55559733921918,1
"485",7.01214320649772,3.80130043369843,1
"486",8.86583426805115,1.8775371028921,1
"487",6.49853804745321,5.64945664280858,1
"488",6.91244212148921,5.95765470387751,1
"489",6.87921261059825,-0.212101276417406,1
"490",2.64610708032543,4.20135892507315,1
"491",7.20936348381705,2.02431430402275,1
"492",3.97678746434567,-0.122089166977794,1
"493",8.60389335294013,1.1509325295539,1
"494",4.86472929543849,1.44770400842698,1
"495",9.64517496487358,3.51985377130087,1
"496",3.93319254792541,1.50419011201357,1
"497",7.85735181159941,4.07073654893462,1
"498",8.82060831566796,3.95424273018275,1
"499",9.59304677635274,1.92031503369919,1
"500",8.14799317849407,3.15617379074267,1
"501",-4.13182097116676,5.68815755050793,2
"502",-6.95776565060996,1.89565363098334,2
"503",-8.5052169963426,6.83584709365357,2
"504",-9.16852400204211,6.33529601477516,2
"505",-6.56917361962733,7.96958695241913,2
"506",-7.47997771742399,5.86088777960108,2
"507",-7.04744108796055,2.21523566772708,2
"508",-2.36307359601599,3.49844250785448,2
"509",-6.78761489305121,5.15885856635234,2
"510",-7.3246472767838,5.4985510557785,2
"511",-5.48145467034546,5.28400591659846,2
"512",-3.03398158619341,5.44183039995172,2
"513",-5.59294263705827,8.44313191672916,2
"514",-7.23225844091761,2.44656813359905,2
"515",-9.84032413721698,5.77521007454833,2
"516",-2.950036371012,3.16550353880133,2
"517",-8.46718762858683,4.7388209964577,2
"518",-7.81204538308242,3.39929614330967,2
"519",-4.76589696873312,8.35394837321443,2
"520",-5.65433866962986,2.72164167683612,2
"521",-2.37117551260297,5.39872959975858,2
"522",-6.31750379314781,5.18414927095094,2
"523",-4.71429294035275,7.24767743744062,2
"524",-6.16840577584617,2.44480989682177,2
"525",-5.48484411542529,6.16173022998332,2
"526",-6.18487828658264,1.16205960107421,2
"527",-7.46261236289532,1.57845605052685,2
"528",-7.31246456324113,6.38355014294171,2
"529",-3.59796875396388,1.83865892533018,2
"530",-7.28154832987019,8.67088439146941,2
"531",-9.36992163209621,6.13185585492231,2
"532",-2.94027465991287,3.89188546292168,2
"533",-6.05348177454324,6.14260721571355,2
"534",-7.64850103451461,7.74602651239186,2
"535",-5.98132783611659,3.00397927823684,2
"536",-9.7068444691476,4.24772039062796,2
"537",-5.90441167487706,5.98582691873074,2
"538",-6.29528303742546,8.53791359298446,2
"539",-6.87773780860496,4.637461174087,2
"540",-3.16468938683122,4.25299433061353,2
"541",-2.38742630500749,5.52913863924653,2
"542",-8.52402467311034,4.72606963115359,2
"543",-4.50567287952332,6.82045323813223,2
"544",-5.52286419448953,8.54442876400874,2
"545",-7.31352962901323,6.45563659775947,2
"546",-7.21062819646148,7.31277658085731,2
"547",-5.23649875480717,3.69201653484043,2
"548",-8.58234029691963,3.90239610963401,2
"549",-4.83359928308088,3.06367023467707,2
"550",-7.25404612118621,8.42602682287299,2
"551",-2.34172675015091,4.43367512958035,2
"552",-4.88444175708083,2.40303877817338,2
"553",-8.36034880115451,7.64870364907495,2
"554",-5.37713008834278,7.90827533433657,2
"555",-7.06815971531722,6.69438183704693,2
"556",-5.29092732569523,1.96150504238899,2
"557",-4.46514474252415,8.42017176134631,2
"558",-2.90878610817936,7.17575820557804,2
"559",-9.6734166304855,3.43180968220964,2
"560",-5.20509095988493,7.22011100093387,2
"561",-3.9740831132165,5.58179333951434,2
"562",-6.76241711768631,3.8043983822445,2
"563",-5.32601557575111,6.03707057111319,2
"564",-6.3232910034949,3.36516448762139,2
"565",-6.4170851385795,5.77408058802068,2
"566",-2.48141029458709,5.56188088836697,2
"567",-6.39701962154906,8.13048649109657,2
"568",-6.21726792172709,1.585332122682,2
"569",-4.3505470723011,3.16827118489399,2
"570",-6.67275098160466,7.83733749701234,2
"571",-2.60045909716518,3.90451667331538,2
"572",-6.68770846548605,8.1264849457912,2
"573",-6.51463103688306,4.93511150314668,2
"574",-4.88092564308876,4.97177355911807,2
"575",-5.64090116645719,1.21630856191107,2
"576",-7.27809078513744,2.73306118262621,2
"577",-7.53330488199389,3.17940061282108,2
"578",-6.77429136376242,3.94557099467358,2
"579",-5.90684300887734,2.9389540416775,2
"580",-7.82016409640389,3.42700643374318,2
"581",-3.27015163357745,6.61767541620879,2
"582",-5.94383023390569,7.33991766628018,2
"583",-8.82265572437541,5.07784546880955,2
"584",-2.05778872565704,5.54858714895525,2
"585",-5.21040580191404,5.43666501630635,2
"586",-8.97011565493257,5.78274202352969,2
"587",-3.73826481733172,6.60896699282623,2
"588",-3.5416853421852,6.91103695572408,2
"589",-5.39797938114776,8.63236805632017,2
"590",-4.37463350058671,3.70948551280496,2
"591",-5.28025245914534,5.50959141258773,2
"592",-5.50998312929179,7.52254069145759,2
"593",-6.7928471425415,4.44893713969307,2
"594",-6.82147444029541,4.6517668345549,2
"595",-8.54631238639989,5.90936936473374,2
"596",-6.06904636347494,8.22826465076895,2
"597",-7.25647014980085,5.96432222574244,2
"598",-4.52561307100175,5.35287853661228,2
"599",-7.37919444073284,7.49399450892846,2
"600",-2.57961883655707,3.05416293508772,2
"601",-9.61079929381981,4.78091863168915,2
"602",-6.2551398901897,2.20482557840202,2
"603",-7.16505252283536,2.85733085806399,2
"604",-4.41690132914214,8.53998400036955,2
"605",-5.23070438386352,8.11650307666471,2
"606",-4.34850337270868,7.80489072987124,2
"607",-7.62570845178316,5.52918723885691,2
"608",-6.6414930696218,1.88281223865642,2
"609",-3.55092042183077,2.94986668142991,2
"610",-5.27495530189711,2.78371595577583,2
"611",-3.51998020242693,4.17679051107704,2
"612",-7.60836498463302,5.59114572606438,2
"613",-2.6395110279355,5.75347881752182,2
"614",-5.58000963398599,1.54333549886467,2
"615",-7.64616995579159,2.39343583135459,2
"616",-9.61301560619015,6.0547650185429,2
"617",-7.1170125856973,5.58941357927855,2
"618",-4.105533387361,4.15163576378253,2
"619",-9.66709912254964,5.18038930996569,2
"620",-3.52436005338894,8.00701080709211,2
"621",-5.92137535886482,3.49261086369138,2
"622",-7.4416802495916,1.97216386610954,2
"623",-7.05303095702129,5.46609140788537,2
"624",-6.13723169746344,5.94117985550623,2
"625",-5.13956486659646,1.91905776929343,2
"626",-3.34596084322216,5.8758799896431,2
"627",-6.49421073355183,5.2591388884853,2
"628",-7.89409062946859,5.27342124829228,2
"629",-5.71640563293195,6.78668952053089,2
"630",-3.37381489028602,3.58783464045897,2
"631",-2.51710154623509,5.99615464615339,2
"632",-3.04214137590691,4.68427922028365,2
"633",-6.34439092338738,6.19365098838488,2
"634",-8.13726158211637,5.55693544059683,2
"635",-4.65148568499165,3.47234724842771,2
"636",-9.63941805758609,4.84688650684525,2
"637",-5.96791182128215,6.51421683701889,2
"638",-3.04381732000287,2.70563968316835,2
"639",-8.63649901876428,3.362157620991,2
"640",-3.08397919879397,2.82937343868701,2
"641",-8.6366064715969,5.7387131539373,2
"642",-8.42874488115135,3.420568981717,2
"643",-8.44785507230769,5.31812712940542,2
"644",-7.25669020803378,1.64468895863635,2
"645",-5.54747234235385,5.77476876170566,2
"646",-3.2683047284378,6.07487447722871,2
"647",-4.99359731863723,7.83805405664072,2
"648",-9.24894690728966,2.79750792893732,2
"649",-3.46981324995768,4.30869970180225,2
"650",-6.77846292755189,4.91924881535877,2
"651",-7.00332944460149,7.27787799248643,2
"652",-2.95224488466727,4.41522611004396,2
"653",-6.11452586576527,7.76521591545203,2
"654",-8.40170025612444,5.63933904989974,2
"655",-5.30353025233269,6.83943770447152,2
"656",-4.80832270333096,6.36396086924869,2
"657",-5.51549279316629,4.82142270247431,2
"658",-8.19522242372434,4.57017830433025,2
"659",-4.39900593443858,2.236950386495,2
"660",-3.43127133181209,4.45987679254132,2
"661",-8.86743932223967,7.43680593373905,2
"662",-2.36836737905339,3.71279761785693,2
"663",-9.24519267959351,5.52227607925602,2
"664",-9.2985493744172,3.19390876260956,2
"665",-7.69020629808451,4.17710092020956,2
"666",-4.78711888116801,1.42581200976187,2
"667",-9.04441718900586,3.98109723453721,2
"668",-7.45321475174665,3.67827229002151,2
"669",-6.82541067781667,4.02870796689051,2
"670",-5.0386963296934,4.33703059019477,2
"671",-6.28465688909172,3.1269648710324,2
"672",-3.85410953962504,3.99464535135036,2
"673",-4.56472645994512,6.20250448296306,2
"674",-2.261968554975,3.71915677022298,2
"675",-8.93367165203043,5.01747502365439,2
"676",-4.33073534750984,2.82206052869968,2
"677",-7.82970872919702,5.0500291979985,2
"678",-5.88362342226623,3.48222116706687,2
"679",-6.194107762313,7.96903729609691,2
"680",-9.78497733192189,5.51328356701171,2
"681",-2.27356253203511,5.81905523288119,2
"682",-4.17345391096205,1.67963665218517,2
"683",-5.34693331921549,3.94228969718639,2
"684",-7.2644981535245,4.74857085784053,2
"685",-2.93296280039357,5.47045672780171,2
"686",-3.72940174388137,6.36103981098246,2
"687",-7.39828734929821,2.40541010284655,2
"688",-3.63437930130072,3.71822140990412,2
"689",-7.05880198805883,7.94512398471295,2
"690",-3.44406222265083,7.53614460712726,2
"691",-6.08203684549035,8.96746082953485,2
"692",-3.25495195909284,3.60178689979068,2
"693",-7.18546480824558,4.23557709110402,2
"694",-5.99599755533628,1.99783031245636,2
"695",-6.84930839547743,3.32934273987199,2
"696",-3.7649364552081,3.20269587577093,2
"697",-8.63990351561535,5.30250360026408,2
"698",-5.69715833971244,1.64429398187643,2
"699",-5.05317143658812,4.38630660240897,2
"700",-6.1051149723041,6.169116160862,2
"701",-4.93354523092545,8.80849055858834,2
"702",-5.62331980930572,7.00250465374613,2
"703",-4.82832667099748,7.60892014822186,2
"704",-8.42764661035403,4.33891875991336,2
"705",-5.54906874944758,3.9834323157304,2
"706",-3.39963803574789,2.59590964172992,2
"707",-6.08069200233166,3.76536177112493,2
"708",-6.19343618844786,8.05470127859666,2
"709",-9.6682093483693,3.70035178832218,2
"710",-5.538972477708,8.87713120323224,2
"711",-5.77298575194925,7.76408875038265,2
"712",-6.74451057731332,4.05102583626473,2
"713",-4.7305674298807,8.17246021578811,2
"714",-7.56864298829061,2.36517808036015,2
"715",-7.92500540474165,6.24815785468932,2
"716",-8.58316160334907,3.00703459393069,2
"717",-2.60183718557494,6.51623631577257,2
"718",-4.32472909139259,6.3096987676328,2
"719",-7.07084158833191,7.32384983263998,2
"720",-3.84454843008385,8.12910608902253,2
"721",-8.47419474515797,7.47750865704793,2
"722",-8.25060533799745,7.91003677255702,2
"723",-8.98695251713782,5.03997363445301,2
"724",-7.30317938047991,7.89105631865771,2
"725",-7.03523984098674,7.32379153702572,2
"726",-7.65689560196204,2.97357104035269,2
"727",-5.07768601446532,4.54282911838428,2
"728",-8.55987491938265,5.93774177973261,2
"729",-9.01061265199376,6.07340431093553,2
"730",-8.45523970079371,3.95733687177905,2
"731",-6.3151171913954,4.35461270910113,2
"732",-6.66092634052602,2.23761674307483,2
"733",-5.89785322674352,4.76323668289271,2
"734",-6.71693259431307,3.38076485118897,2
"735",-6.43803340766253,3.44674419257861,2
"736",-4.54042058624473,8.25250617658421,2
"737",-5.43296955019945,2.35861252922429,2
"738",-3.36464617525772,7.68568313580224,2
"739",-4.05095537112949,1.70504041065095,2
"740",-2.21534893640588,3.74015401994491,2
"741",-9.41183012739076,3.10742180530933,2
"742",-8.36128156669842,3.38713887988503,2
"743",-3.97258994631576,4.7238393356463,2
"744",-5.29147440806618,3.17188492933926,2
"745",-6.08892083754717,5.91585004664192,2
"746",-2.85717740934149,6.73891421580324,2
"747",-7.34425101577856,8.43442987520517,2
"748",-2.72104435727737,2.9692464734234,2
"749",-9.81294095940439,4.93887782431946,2
"750",-5.08696851332272,3.16114484268649,2
"751",-8.07988220747983,4.95064044786434,2
"752",-5.04610800127929,3.10364249243664,2
"753",-5.23543025683697,3.75428823745184,2
"754",-5.26210808148988,3.30143857425624,2
"755",-2.82976912685059,3.2913959652443,2
"756",-4.55877974332976,3.26328998105867,2
"757",-8.40127718534277,5.36857519832638,2
"758",-3.99964695474055,7.06344208938117,2
"759",-3.57345007176071,4.1821560911847,2
"760",-5.98040667372572,7.43498399532765,2
"761",-5.54700605602358,5.62742107915289,2
"762",-5.96675534900527,4.1573362642917,2
"763",-7.29040465305171,6.16258634123447,2
"764",-5.87313066409014,6.99494381718931,2
"765",-4.44245428786899,2.94502971548791,2
"766",-6.03472596127372,2.53443262812167,2
"767",-2.69329349422305,4.53945846866092,2
"768",-3.40266916385089,7.78849934810648,2
"769",-7.12647997955447,1.90300085885962,2
"770",-9.0611313114573,5.00472415266476,2
"771",-4.67151342616811,1.70844585897732,2
"772",-4.10810952007485,5.23346624776199,2
"773",-7.5341850644236,3.13406953896803,2
"774",-5.8517592329593,2.7676786329085,2
"775",-5.76934750801384,8.86508152571658,2
"776",-8.86135799577269,5.97549106904893,2
"777",-7.00266162027628,8.43720335646518,2
"778",-8.73918416813725,4.93405084234204,2
"779",-7.28515722453589,4.84665720245422,2
"780",-5.21913633846967,6.35645600678966,2
"781",-9.00992508411781,7.53541449526889,2
"782",-2.36973584067432,3.71592133472815,2
"783",-8.1827342234355,4.73446792843546,2
"784",-6.91514027003591,3.95919834541161,2
"785",-9.35678825757562,6.52698632852345,2
"786",-8.40078874714034,4.02753312028452,2
"787",-4.40214141532451,6.87112591040971,2
"788",-3.08667865989037,5.72385928741678,2
"789",-8.17605125100825,7.90783668489859,2
"790",-9.09913050350177,7.39539011995638,2
"791",-8.46121265754116,2.82041068201625,2
"792",-2.96956528625094,5.8941177063061,2
"793",-6.04052625387951,8.81823535323015,2
"794",-9.15999554851748,6.63649766271661,2
"795",-4.64439852734126,2.66839775645561,2
"796",-4.10808193203041,1.68211628304555,2
"797",-8.41788437917598,5.91251195755359,2
"798",-2.2273272208026,4.16231853639435,2
"799",-4.10616477598609,4.95122768621196,2
"800",-4.43293033965048,6.12493972299053,2
"801",-2.39130665819194,5.09326595060141,2
"802",-4.17701599778689,5.76790043896029,2
"803",-4.8833905651497,6.8593674828878,2
"804",-8.50367016010235,7.62318649093774,2
"805",-4.04976813783244,3.83713072237015,2
"806",-2.55838441604693,6.34411574314685,2
"807",-6.36050967867534,2.84353605592161,2
"808",-5.73439194609033,7.6000328434058,2
"809",-5.12173443383353,2.41485038969648,2
"810",-7.33540812966916,8.20248098468049,2
"811",-4.22941936867198,6.94004740051951,2
"812",-5.75781390843625,3.18851909013324,2
"813",-4.58743863500574,7.02195972495976,2
"814",-4.08370117387193,2.46499287240991,2
"815",-4.61180906656486,8.59283322612426,2
"816",-4.75633969315093,2.18030247226857,2
"817",-4.00511493930429,4.55983912139799,2
"818",-4.91243460168444,4.66542013966385,2
"819",-9.26753531749362,5.32208679699719,2
"820",-3.16363576185649,4.45706899674611,2
"821",-6.0074534545996,4.54541951533034,2
"822",-8.75935083464336,4.86902135705677,2
"823",-4.81613149772448,6.91728218967418,2
"824",-6.23956267795635,1.91315029975052,2
"825",-7.02439857929517,5.49445426706648,2
"826",-8.51852829707126,7.50839110919081,2
"827",-9.66943172056794,5.41409480562714,2
"828",-5.86639817688895,6.42960768661034,2
"829",-5.84729314851274,6.95298221776362,2
"830",-7.83769120953346,1.45734504432176,2
"831",-9.93759896215776,4.67577400375048,2
"832",-6.45931291664196,2.99516036598363,2
"833",-7.0363646431404,3.55116028069977,2
"834",-5.0166485084953,6.22688544028682,2
"835",-6.321340726174,1.240075801415,2
"836",-7.04093696872766,5.51678206063951,2
"837",-3.28163363592992,2.98620067609231,2
"838",-8.3225704993324,4.9891243468649,2
"839",-6.26741199342682,3.14227866077709,2
"840",-9.50321760703144,5.12038002121194,2
"841",-7.58304955565329,6.66328709651031,2
"842",-4.7462240650927,7.43461782015432,2
"843",-5.83469631783036,7.64436130061229,2
"844",-6.02410284545517,7.44059915955913,2
"845",-5.13741090799848,4.97190397060779,2
"846",-5.94756999064263,7.79118568919088,2
"847",-6.90498452923505,8.85405830080227,2
"848",-9.37456235336995,4.02643287389804,2
"849",-6.87743614449254,2.07516395345302,2
"850",-7.95301611436094,7.63307028608668,2
"851",-6.24761210390451,8.59695702626389,2
"852",-5.99190917026004,2.82363441693159,2
"853",-2.47624134899844,5.88707579295874,2
"854",-4.44672123375739,5.10587541984101,2
"855",-6.26584512333065,6.25025485841785,2
"856",-4.52232725783937,4.56875864907116,2
"857",-3.42743881868403,3.02008132223798,2
"858",-2.28834669354243,4.15778284252399,2
"859",-7.51611411277075,3.61399226486184,2
"860",-9.4393826485626,6.87771086817653,2
"861",-6.92402401406124,8.27401873422744,2
"862",-2.40877471541911,5.80415203227355,2
"863",-2.74753960204687,6.55814544462464,2
"864",-7.44238019406726,2.46557382644259,2
"865",-7.3667881844259,6.14236362046618,2
"866",-3.55347539518125,8.01341419565045,2
"867",-6.20884459225606,4.04559573981266,2
"868",-9.20476303515616,6.40585816249032,2
"869",-6.42113734826093,2.31168050723587,2
"870",-7.74553047150625,7.11821264728888,2
"871",-6.11442127709889,2.96537198614305,2
"872",-4.48378809496056,5.10636546816825,2
"873",-4.65783206454325,3.01446186994786,2
"874",-2.78222134265183,7.04639121567392,2
"875",-9.59360126575298,4.06328534504143,2
"876",-8.71382355417684,2.22236922910714,2
"877",-7.66363431898693,3.04906412804366,2
"878",-8.7157842424966,3.46763296658911,2
"879",-2.25081899309168,5.28084622010673,2
"880",-9.51293804990054,5.61183661516922,2
"881",-2.56497794936613,5.08357867605446,2
"882",-2.69020780667053,5.46949890315119,2
"883",-4.63553775441702,4.12839464918242,2
"884",-8.58894912918039,5.82798736309291,2
"885",-3.74837445888637,5.9188549418616,2
"886",-4.29309058702643,4.39827721305231,2
"887",-7.6358881459069,1.39198116417717,2
"888",-6.31686312160307,1.03673419441002,2
"889",-3.38506676881911,7.06271621832529,2
"890",-2.98509548668667,5.31899579198286,2
"891",-4.89930259610062,7.68909821137254,2
"892",-7.47215540267748,2.94246660340756,2
"893",-3.2375275810023,2.81023220244985,2
"894",-8.5868916989639,7.51350916317099,2
"895",-6.25881009932409,8.03364103204586,2
"896",-4.57709940468487,3.659656785647,2
"897",-6.29579187253233,3.27200282840547,2
"898",-2.90852237489004,2.73079889006613,2
"899",-6.2362654857271,1.58521302344541,2
"900",-5.51550784496599,2.79285612607468,2
"901",-7.71550051787638,1.65853309837723,2
"902",-5.00235983452464,6.41446264631999,2
"903",-9.40450779673692,3.57748009787312,2
"904",-8.36983370712059,4.81182310193499,2
"905",-3.25629613812215,2.60166724615775,2
"906",-3.06116747694937,2.82326855461742,2
"907",-5.6484562591391,4.57223836382574,2
"908",-8.76915587157741,5.20690848661754,2
"909",-6.18541473274337,8.12097923968782,2
"910",-9.40373758396631,5.1112442495643,2
"911",-4.12886113088398,4.9761017001803,2
"912",-6.09958666020671,3.22892980363705,2
"913",-6.6877877449238,8.80498385625159,2
"914",-7.51220826776824,5.52605108818148,2
"915",-4.42770304804383,7.51761764598556,2
"916",-6.88963801228892,3.57179742581354,2
"917",-4.00787626644888,3.61443080890623,2
"918",-4.31353154151485,8.17430688767893,2
"919",-2.90459824896019,4.32599919083879,2
"920",-4.38817911186341,2.3191734660648,2
"921",-7.31865953731917,4.58158152110575,2
"922",-4.17584229560631,6.85647845442661,2
"923",-3.63402686677614,2.73612946933678,2
"924",-6.24594948954603,3.96006825571732,2
"925",-7.99405486405005,1.63561422330659,2
"926",-4.95099758208289,7.22151443644456,2
"927",-6.58201518891781,5.92702697505137,2
"928",-4.30103280170461,6.18766368421113,2
"929",-4.77792159638518,2.62241984606052,2
"930",-8.84152101745281,4.96959739142321,2
"931",-5.85188669296973,2.12162828017154,2
"932",-8.05115129184381,3.10537502648183,2
"933",-7.55072821254322,2.06868458171561,2
"934",-4.08006033742951,3.50155140422961,2
"935",-9.17264808428116,6.75018541154344,2
"936",-4.52889393440375,5.41156322664103,2
"937",-8.75921771409187,6.31055182549304,2
"938",-7.0789746535601,2.76397006593144,2
"939",-5.45210461531069,1.40999654099177,2
"940",-4.98328682425486,8.0591204952688,2
"941",-9.25170690948846,4.69071787401195,2
"942",-5.29620189582627,6.79134475652992,2
"943",-7.81366778128718,4.79374579951668,2
"944",-7.09100194926056,3.99493395984101,2
"945",-3.10128102490574,3.52858401152573,2
"946",-4.24483808292438,6.0131415250363,2
"947",-4.73462984723794,6.08517261632533,2
"948",-7.86837562956795,2.79063924130216,2
"949",-8.74234799698379,2.99637413440832,2
"950",-6.4346484979364,1.77841743844108,2
"951",-8.351957887127,7.16617033756528,2
"952",-2.81703594222376,4.10706157529085,2
"953",-8.33271587192441,5.73493086562873,2
"954",-4.39164035224355,1.37582301615151,2
"955",-8.6511111053223,3.65876911844014,2
"956",-5.46334852276068,3.70494238865836,2
"957",-6.37021742137562,1.91225898828559,2
"958",-6.91713165428239,5.57518876500414,2
"959",-6.74156441400997,6.52072142058128,2
"960",-4.88709392342057,1.88648849604108,2
"961",-4.81785648672602,3.93354975737987,2
"962",-3.52498639934675,4.72801235317727,2
"963",-2.95684328315484,4.76421018224114,2
"964",-5.25526470923416,5.46212266439882,2
"965",-6.87369156848792,7.164590979406,2
"966",-9.19407901440399,5.2572707748811,2
"967",-6.86267184444794,4.32542976488594,2
"968",-7.95509831956447,4.33444148168444,2
"969",-8.99731718010065,7.55263122691881,2
"970",-4.21324574660934,3.74710926560896,2
"971",-3.74875041029063,4.64941156465043,2
"972",-2.88065857445669,4.84307954672465,2
"973",-9.40954781209501,4.18837894815137,2
"974",-2.65472213951703,5.00627403649513,2
"975",-2.26074935418927,4.15368691192043,2
"976",-4.57770637923963,1.76522713593721,2
"977",-9.23985520264301,7.21424830734852,2
"978",-5.02139027140903,6.37932948025191,2
"979",-4.34113057668218,6.5818198758438,2
"980",-6.58082996115903,2.03869687250638,2
"981",-2.67933398898256,7.05030966296992,2
"982",-3.59161212881424,4.09631089456613,2
"983",-2.91630027580779,2.93909678920704,2
"984",-7.68488881388784,5.0326578591283,2
"985",-4.90649630135506,7.47560416856066,2
"986",-9.33508222731782,4.28343861061786,2
"987",-3.39877245882157,7.56395357947335,2
"988",-6.26393629676008,3.34456273307002,2
"989",-7.05236594148903,8.46437513082236,2
"990",-3.12364540132889,7.12764397643711,2
"991",-6.07718769297781,7.9252580944645,2
"992",-4.41248253447636,6.00528747495575,2
"993",-5.01778373545252,1.21148207486783,2
"994",-8.08024942493692,5.3384883752369,2
"995",-9.11121396639528,5.53619053491952,2
"996",-8.24816060644802,2.23593051479316,2
"997",-8.18467574944193,2.70543258170118,2
"998",-4.86177100512863,6.18135509346293,2
"999",-7.48382012523328,7.3346144740575,2
"1000",-4.79240405333852,3.1107939488766,2
"1001",7.9574828877119,-6.79893339968594,3
"1002",2.25025191609269,-8.16949959718355,3
"1003",8.85074129848886,-6.39991260308634,3
"1004",4.30190989498464,-4.37039487350992,3
"1005",5.42360544335119,-3.894111550718,3
"1006",4.54164946956785,-4.21519010806753,3
"1007",5.39118856981511,-5.35827701306381,3
"1008",5.244884458941,-7.95198212130388,3
"1009",7.65398614036468,-8.52495097253204,3
"1010",2.32980924921436,-6.60277404298026,3
"1011",3.16186591776068,-7.01564573891329,3
"1012",9.32517150580274,-9.20828071085489,3
"1013",9.16596662850961,-9.1602155845417,3
"1014",4.2165818148929,-8.47460937093938,3
"1015",4.27384299204182,-8.31780299169459,3
"1016",3.3065360376951,-8.53686851716138,3
"1017",5.58638033173745,-6.80420875245837,3
"1018",5.65675136295996,-10.5637371574948,3
"1019",6.84412151732641,-6.12199846721445,3
"1020",6.97577432587851,-4.55038410598639,3
"1021",7.10100127060314,-7.59538124683538,3
"1022",7.85150397853335,-4.50937163181684,3
"1023",5.17696417961039,-6.68479998623568,3
"1024",4.96109307994762,-4.93009814859362,3
"1025",9.74092289277738,-6.91261917440077,3
"1026",5.81502094601073,-3.46260687810772,3
"1027",4.17506584811018,-5.44276946323726,3
"1028",8.76913591208979,-8.9813165946192,3
"1029",7.64668022528981,-8.92585444367101,3
"1030",7.87482263856776,-6.17849872899257,3
"1031",8.01638169344261,-7.99958692428878,3
"1032",7.06993747225846,-3.53931442050116,3
"1033",2.50178252042051,-8.57308867630866,3
"1034",8.67972598023656,-7.6299515706738,3
"1035",7.13569446243895,-3.98633161164698,3
"1036",2.33973553301657,-8.22618035641421,3
"1037",3.25621910441232,-6.19321687892342,3
"1038",5.47241524192272,-9.71511945030005,3
"1039",6.0008842783565,-8.91187447162548,3
"1040",6.2099348346111,-5.99355695970871,3
"1041",7.31470350354345,-9.80322795305126,3
"1042",6.60085431212769,-10.1824430173684,3
"1043",8.98016996918031,-6.84845399651407,3
"1044",5.87869922878184,-9.38471862079563,3
"1045",3.34038577787586,-5.92347654906235,3
"1046",7.96363090282103,-6.30222765646175,3
"1047",6.59796972538652,-6.73944344553062,3
"1048",5.03709719662465,-7.03093969160177,3
"1049",6.08037259881955,-3.78267537151175,3
"1050",7.09740300376114,-10.127916569048,3
"1051",3.84481389879726,-9.6498620725158,3
"1052",5.36067590896033,-7.64479035485224,3
"1053",4.50161100426058,-8.03336931230862,3
"1054",6.54100121178996,-7.93440489310569,3
"1055",2.78224689319454,-7.04934265314493,3
"1056",6.33249696173027,-10.0533617966931,3
"1057",5.05438036442083,-6.11743035116395,3
"1058",3.90321050094061,-7.50836877948992,3
"1059",6.8084494372475,-10.528196450762,3
"1060",6.32555732152176,-3.3532451462754,3
"1061",9.20725315511571,-7.56868707882051,3
"1062",5.56502800962396,-7.66615454179975,3
"1063",2.85511290778987,-7.20370319842013,3
"1064",3.44411209824112,-6.99666487541938,3
"1065",3.06893804536521,-6.65549755508124,3
"1066",6.72842800575459,-5.26776937639054,3
"1067",5.23614581366386,-7.78331656772744,3
"1068",4.1272695246324,-10.1705469763013,3
"1069",7.24923028811236,-4.4218875878789,3
"1070",4.45267869045106,-8.71173017761139,3
"1071",7.71285908532783,-5.69425615369584,3
"1072",3.94179968521447,-5.63621596392457,3
"1073",6.30194603999873,-5.73270030229581,3
"1074",5.17109875394882,-6.68025340367891,3
"1075",2.77178792881086,-5.06602090221693,3
"1076",3.48754322442628,-9.1685168105429,3
"1077",6.40435777105715,-5.47486279096788,3
"1078",6.31773682535097,-8.21401191055397,3
"1079",6.55685898728606,-9.56153859240165,3
"1080",8.86120680698214,-7.07989006620777,3
"1081",7.26748245510484,-9.14612201497186,3
"1082",8.76207869864791,-7.28087455889865,3
"1083",4.12100165350562,-7.95563319816868,3
"1084",6.64083426401967,-10.7183296151897,3
"1085",8.5684367659435,-10.0371241509932,3
"1086",6.56271859825109,-6.8594699253726,3
"1087",7.87720939006355,-5.40772841747982,3
"1088",5.21845493289032,-3.36755420406299,3
"1089",7.71742818308803,-8.03646693482756,3
"1090",7.76094908096806,-8.68824277119161,3
"1091",3.50783844423806,-8.28072579044963,3
"1092",7.45500523350964,-8.98661202403689,3
"1093",4.52540833766245,-8.4404125364218,3
"1094",7.65561846675762,-8.36024508173281,3
"1095",8.15566813615474,-7.62309798456911,3
"1096",7.67347418577489,-5.8696199198421,3
"1097",3.67411320915732,-7.86287241728865,3
"1098",4.80003319820923,-6.88614220926449,3
"1099",4.69673939604487,-5.75459411285408,3
"1100",6.29766297115197,-9.96500264561362,3
"1101",6.5406048780391,-5.93683887230335,3
"1102",5.29586950444257,-4.81830098519087,3
"1103",3.47017737626488,-4.06014203744495,3
"1104",8.73006912444879,-8.02227310280513,3
"1105",5.3667927291802,-7.29069055222772,3
"1106",8.64930054949905,-8.24793045270179,3
"1107",2.77698586744216,-5.97340153159046,3
"1108",9.16245546628867,-6.05571092586069,3
"1109",3.91048363501398,-6.47347527628184,3
"1110",5.04794544760744,-10.4082908542038,3
"1111",5.28355028249972,-9.04744007664926,3
"1112",5.85194460355859,-3.58669484790098,3
"1113",3.13480975263889,-6.31070590381032,3
"1114",6.338279597967,-6.89248342701033,3
"1115",7.96184458393308,-7.77994617694416,3
"1116",8.1258608957103,-5.07867287402803,3
"1117",2.5979474537511,-7.60396783887817,3
"1118",6.60854612587909,-8.27906314550265,3
"1119",5.43208988097319,-5.97190681767263,3
"1120",3.15811100544673,-4.55822274332305,3
"1121",3.0050408548446,-5.21455530323823,3
"1122",3.89658948956046,-4.20145604056342,3
"1123",4.71663129988092,-6.92592597205219,3
"1124",2.78697190455403,-4.6494914251011,3
"1125",3.337596620794,-8.65313164414462,3
"1126",4.17455158898985,-6.79559454162667,3
"1127",8.24479227322761,-10.2168498675333,3
"1128",4.79729748640743,-10.2080527094604,3
"1129",7.40623859337492,-3.52146589729366,3
"1130",6.72866178537461,-5.24092190429015,3
"1131",8.98117405478496,-7.65998182479183,3
"1132",3.58284428839241,-6.49151129616065,3
"1133",4.06465786953365,-7.04416652407068,3
"1134",9.04364405501715,-7.45699430456182,3
"1135",7.52819048330602,-6.59305377733859,3
"1136",4.23213540213002,-6.04517703875841,3
"1137",6.6967470832432,-3.34095242579335,3
"1138",6.55007964030917,-7.93163639990727,3
"1139",8.45647943440621,-4.35254997662809,3
"1140",2.232021047397,-7.04370638059152,3
"1141",5.42394187999249,-8.71382175753895,3
"1142",9.75661122383304,-5.75607394663158,3
"1143",7.76198919282827,-5.59116875699581,3
"1144",5.89297210438123,-4.79470730287515,3
"1145",5.55470243751051,-5.69085778141454,3
"1146",6.59112912555472,-8.24737512112326,3
"1147",3.29321810638181,-9.88449442337896,3
"1148",8.23215346308517,-9.30389577551148,3
"1149",7.12371699598457,-6.97362824824858,3
"1150",7.66881690041756,-6.00096311320129,3
"1151",7.25787192671768,-4.60692790207342,3
"1152",5.64562009489363,-7.51187176214684,3
"1153",5.89978719354898,-5.49870644261841,3
"1154",7.66159441587557,-8.18801845717902,3
"1155",6.17128607024045,-9.62804280730313,3
"1156",3.88488977434252,-5.48784319127922,3
"1157",8.12807372277257,-5.75801816426331,3
"1158",5.84323785170218,-5.80036278454947,3
"1159",2.34668644658464,-8.20905688131459,3
"1160",3.60647701620718,-9.7212998423905,3
"1161",5.55376994724058,-10.8046942344237,3
"1162",8.02660313742308,-4.36517618673144,3
"1163",3.33203877870723,-6.30581711903035,3
"1164",8.25363595393254,-6.510616618504,3
"1165",8.35696543551029,-5.94095655022662,3
"1166",4.13723767915546,-5.43010681980916,3
"1167",5.89308774866483,-6.72729023825223,3
"1168",4.78765380773234,-5.92593082262354,3
"1169",4.2396991769272,-6.62630314607904,3
"1170",9.12382795944024,-5.04012242098043,3
"1171",5.26729492668664,-10.855762021419,3
"1172",5.24328818529407,-4.00673007767029,3
"1173",8.79037359164291,-7.61235400413222,3
"1174",7.71169287823246,-7.21993248470422,3
"1175",6.08814216097891,-5.54971925507258,3
"1176",7.61063135328665,-7.62044267125063,3
"1177",9.52566618057519,-8.06134286428865,3
"1178",2.93890718207614,-8.78663433277108,3
"1179",4.33500741124325,-3.43784433160583,3
"1180",7.64222531783723,-6.55633105399091,3
"1181",9.20799842634694,-4.95037500230375,3
"1182",4.56561316030323,-4.12186645723839,3
"1183",9.65546738615578,-8.0879364804456,3
"1184",8.52585502650776,-6.57182846713661,3
"1185",4.70176101363631,-4.31004456230797,3
"1186",8.44937529329601,-8.50344586630764,3
"1187",6.58000975645971,-9.23380444932895,3
"1188",8.22099759063931,-6.41580947179009,3
"1189",8.81671004418205,-8.86746124850468,3
"1190",5.70062884264132,-3.78398237155753,3
"1191",7.0448840335821,-5.68453861103742,3
"1192",6.35537701835042,-10.2140187593022,3
"1193",6.83811839261855,-4.42707111991193,3
"1194",8.18225960402782,-9.29669132254622,3
"1195",5.5959061079164,-7.88390544801145,3
"1196",4.90826973042278,-10.428918267058,3
"1197",4.52300716110574,-9.61850317570077,3
"1198",2.23621739091174,-5.71240165350906,3
"1199",3.10642353181193,-5.63828378125043,3
"1200",6.68840979445808,-5.56948997547903,3
"1201",4.07562683305961,-9.09374919318002,3
"1202",6.59179557984311,-3.09430720631163,3
"1203",7.8811340937946,-6.08483269929636,3
"1204",6.14124083364603,-3.84414306157386,3
"1205",4.59601288906339,-5.2503260938846,3
"1206",4.1870853020598,-9.16442164575239,3
"1207",8.29785288452673,-4.35122159576071,3
"1208",2.57529438893167,-8.27747133468938,3
"1209",7.9304505103157,-7.63244948459092,3
"1210",6.1124568586028,-6.9938390247298,3
"1211",4.81849908028192,-10.254248512661,3
"1212",6.09580588069194,-4.74713097967165,3
"1213",7.33521061399844,-10.5697363648052,3
"1214",3.71590961336119,-5.06280103355104,3
"1215",4.75846217978684,-3.23268423347754,3
"1216",6.1335727302233,-5.69117610175011,3
"1217",7.39414002839377,-6.18397813106824,3
"1218",2.16466949874962,-8.08072294711566,3
"1219",5.2583929855597,-7.04881029742594,3
"1220",3.78717959258853,-6.85004462941361,3
"1221",4.59047824208532,-8.98317276103506,3
"1222",6.36307248076642,-8.82030557558583,3
"1223",4.28145356324515,-6.59468645102061,3
"1224",7.29259018758359,-5.32024628972605,3
"1225",4.8572637008066,-7.45246339112477,3
"1226",7.28625057275062,-10.4175344484543,3
"1227",6.1279875593658,-7.33947193628004,3
"1228",8.34705293391,-7.46952817354681,3
"1229",4.32165665495803,-6.45075131292767,3
"1230",4.7731151743445,-6.92631932769717,3
"1231",8.16411352810102,-4.78523772210372,3
"1232",5.48654579837099,-8.40880361104712,3
"1233",8.29256812118231,-6.52070699244996,3
"1234",4.84370436825259,-8.84489658240217,3
"1235",4.03177865359002,-9.54987812975138,3
"1236",9.75053881737812,-6.29273166250555,3
"1237",7.74339793184282,-8.17115227180074,3
"1238",8.43680218875316,-9.31949036279935,3
"1239",7.21912724924356,-7.10088727117954,3
"1240",9.57258890309547,-5.26075930866696,3
"1241",4.83110811071288,-3.77761069025503,3
"1242",5.30331924212127,-6.76609418332251,3
"1243",4.12118952633148,-5.48241149208257,3
"1244",4.28121024088955,-4.37755047812203,3
"1245",7.15709130604044,-7.12020094827362,3
"1246",4.37694352212556,-9.06435541967739,3
"1247",4.66442786905659,-3.31561011251952,3
"1248",6.80901365718036,-4.45902616927822,3
"1249",4.6605346152364,-9.88913905722869,3
"1250",5.91588847965587,-3.52841849676876,3
"1251",5.14882057082203,-6.81851286359849,3
"1252",3.10408147978935,-7.3112839064165,3
"1253",7.35284380784747,-8.30025633093488,3
"1254",8.82871391716921,-7.31360463876311,3
"1255",6.22685864516027,-9.83091477109792,3
"1256",3.9930569774588,-8.39285751472514,3
"1257",4.55296459791633,-5.74835293575191,3
"1258",8.04045788258095,-8.34751446644436,3
"1259",6.37336758337241,-4.10632213976511,3
"1260",8.69196236843846,-8.35902576664447,3
"1261",5.00021451280511,-3.83259364252459,3
"1262",6.62189798618926,-5.79497172217288,3
"1263",5.5169939624337,-3.11738766128821,3
"1264",2.63840173230435,-9.13711599204266,3
"1265",6.31569351414325,-3.82137001737498,3
"1266",7.58078048806118,-6.1962113319106,3
"1267",4.60189694905972,-5.18943217254332,3
"1268",6.49365807114903,-3.47996878542039,3
"1269",8.24219288769451,-8.44268274956574,3
"1270",6.34772115740351,-10.1267258486733,3
"1271",3.55545188208343,-5.22075524684883,3
"1272",4.98722697983589,-7.6612926155744,3
"1273",9.80016961211162,-6.20937245644649,3
"1274",7.68852299082599,-6.4227434399105,3
"1275",6.41421348530187,-9.18840634818909,3
"1276",4.99919758136113,-9.46129259221498,3
"1277",9.13575149356995,-5.19013470193775,3
"1278",9.68452188070858,-6.65930086660063,3
"1279",7.26738145499678,-3.69318561217563,3
"1280",8.6388431849247,-4.28087169119197,3
"1281",2.6819988183828,-8.48239930647756,3
"1282",6.99271025039211,-8.67870047685562,3
"1283",7.38608704339279,-3.93489245041962,3
"1284",3.46533716490181,-5.27751953587424,3
"1285",6.84003979761838,-7.50721438583421,3
"1286",5.62276822190391,-4.62031554284217,3
"1287",2.87744278890028,-5.81941868180395,3
"1288",4.54585259247507,-10.417954512547,3
"1289",6.25057015833955,-9.19379562150709,3
"1290",5.31490391780124,-6.23697143938791,3
"1291",6.46005448602188,-8.54066553912675,3
"1292",6.30778841367269,-6.17299672297069,3
"1293",6.20726800503853,-3.2482033718858,3
"1294",8.50035948632687,-10.1214797687206,3
"1295",5.31060528533585,-3.84502445252481,3
"1296",7.07203481730094,-3.15726021794522,3
"1297",7.58770688298603,-4.78246130451997,3
"1298",9.12749421012095,-7.87774002985684,3
"1299",3.25200249130444,-9.31187115833026,3
"1300",6.9314565688157,-8.8020786287907,3
"1301",3.243836300438,-5.60326096933971,3
"1302",7.58488556812219,-5.25184650158886,3
"1303",4.62224072891689,-5.4923666671061,3
"1304",8.55138606675482,-6.26161809571735,3
"1305",9.27304434024561,-6.31731141593734,3
"1306",7.64192563063471,-6.96289623406209,3
"1307",4.42934725888603,-7.53901355523674,3
"1308",5.83882505918864,-9.32339065434597,3
"1309",4.70489996390848,-3.39027939387776,3
"1310",7.02494863811903,-10.2238642498773,3
"1311",7.17842380034354,-4.69622109080697,3
"1312",3.48902777268852,-9.0271243829213,3
"1313",9.40903384160212,-8.8382095084519,3
"1314",2.8316065881991,-8.99187007013615,3
"1315",8.31310145887108,-9.65665201475105,3
"1316",5.02162195755098,-3.23529843288545,3
"1317",9.68233584140274,-8.16829734170259,3
"1318",3.97808645853658,-8.75171816487256,3
"1319",4.53656824086228,-8.23749010964525,3
"1320",9.24369840739515,-7.86817541434092,3
"1321",2.21446166003108,-6.72817682469485,3
"1322",8.17166714627161,-7.10402495847241,3
"1323",2.62880264421443,-8.878440714273,3
"1324",8.71351636285492,-6.9113461266381,3
"1325",8.12843935115567,-10.2013659953671,3
"1326",7.13231469321062,-3.25383197734325,3
"1327",3.53006266104864,-8.19429751633925,3
"1328",7.31346613263668,-10.0585875355159,3
"1329",7.2976251095061,-3.93694457417198,3
"1330",5.2835910156753,-4.41890169918009,3
"1331",5.34431949201836,-4.55894050167502,3
"1332",3.13673521731512,-8.13793304543157,3
"1333",2.60256847585031,-7.49411436078187,3
"1334",5.12079916498523,-4.70460197559103,3
"1335",2.88850569229406,-6.3327976274681,3
"1336",4.03908723160656,-7.658883017832,3
"1337",4.29340524478464,-5.73526314784297,3
"1338",4.35698257394322,-3.62718420262703,3
"1339",4.02787927798085,-9.65007362401496,3
"1340",8.08444664349189,-8.78424508155403,3
"1341",2.90369330713666,-8.53392108366003,3
"1342",7.580012877954,-6.06565780216834,3
"1343",6.91333412868907,-4.2650500339771,3
"1344",9.29044682599301,-7.18127292659733,3
"1345",2.82012633176048,-8.02338667343676,3
"1346",6.26452694325008,-6.6282074562769,3
"1347",7.24060090461847,-3.50666260607963,3
"1348",3.59532233368471,-9.60104490583949,3
"1349",4.87176253296156,-3.21118371276002,3
"1350",3.41738084980104,-9.27368248597961,3
"1351",4.44393518769215,-9.68494159380925,3
"1352",9.06890424004949,-9.13360989802847,3
"1353",4.37826657628317,-5.65177566791357,3
"1354",3.70092935500616,-8.02831584412076,3
"1355",6.08332346029235,-3.53823491581542,3
"1356",6.30462322992091,-9.8431495246363,3
"1357",2.86405196895365,-5.9738244207649,3
"1358",9.51686613690623,-5.57128997722244,3
"1359",5.94658463500538,-4.44795866492651,3
"1360",9.10780501858737,-9.26335357469196,3
"1361",8.92403240499446,-5.15978957000451,3
"1362",7.49383884796202,-9.31334729151371,3
"1363",6.77268264561412,-10.4429964916936,3
"1364",4.51742863409128,-8.64224359523926,3
"1365",3.27002906228167,-4.09064277350268,3
"1366",3.09792497435272,-6.1168735540777,3
"1367",9.04932917773196,-7.87022802336289,3
"1368",5.21375355547683,-9.65158005629025,3
"1369",9.43914383890535,-6.5571340013049,3
"1370",2.88078963775327,-6.92555510022116,3
"1371",7.87765759719635,-9.90076314279628,3
"1372",6.4305236532096,-3.98767572885111,3
"1373",9.07884341519853,-7.38680357219609,3
"1374",7.43098527573996,-5.75749065611546,3
"1375",8.04124528051147,-6.9367519574059,3
"1376",5.37000885853486,-9.05320506788015,3
"1377",4.62957071118668,-6.48629893597513,3
"1378",9.12361973029241,-7.3584526975502,3
"1379",4.86551201158621,-7.78242677036078,3
"1380",7.82735622474267,-4.20344369277621,3
"1381",8.72254168595414,-8.23520863289596,3
"1382",4.59374574500831,-5.60137841626225,3
"1383",4.32630763972123,-3.51603595679791,3
"1384",3.65898416215333,-9.9770997390276,3
"1385",4.03420951819248,-3.81215481032252,3
"1386",8.46629024283358,-6.38422935263811,3
"1387",6.7093952057856,-10.7805464644965,3
"1388",5.59648617610206,-10.7860599713633,3
"1389",2.21762288923824,-6.20975469924132,3
"1390",8.03215173339293,-7.52610797189312,3
"1391",2.76032660356966,-8.2907881986322,3
"1392",7.83436612252746,-10.3032308929124,3
"1393",7.92131716640443,-9.9104217252898,3
"1394",4.33445935758391,-3.43451364881504,3
"1395",7.36699887583938,-10.0175468900924,3
"1396",5.72374780134392,-9.18795174201847,3
"1397",6.16040143769358,-4.93689802731467,3
"1398",6.21183437084045,-8.88286208482733,3
"1399",6.68881358984975,-8.06872879825236,3
"1400",7.15819962991288,-6.79914405476558,3
"1401",7.17809213708728,-7.99162323590208,3
"1402",7.6133697244031,-5.33683702249186,3
"1403",7.81261973848406,-6.97388460895882,3
"1404",5.45835530380424,-4.33726952428283,3
"1405",7.04425774791283,-5.69959387819272,3
"1406",7.43102863990772,-6.21313041234048,3
"1407",8.05074226694264,-5.54221888355132,3
"1408",2.87419274782097,-7.09970771583502,3
"1409",6.58509412100858,-10.2873088440777,3
"1410",8.86887804803731,-4.52104120505313,3
"1411",4.27878641251465,-3.71190046190732,3
"1412",5.66598627383509,-4.73121192360298,3
"1413",5.49250639869784,-5.34712753219767,3
"1414",5.64020922540884,-3.71179517437156,3
"1415",5.31505916233682,-10.4440803026944,3
"1416",7.16193480809843,-4.14808301549518,3
"1417",2.16926755170585,-6.46956537059485,3
"1418",5.73397155199028,-6.76405852744379,3
"1419",8.70329059674103,-7.15920543949546,3
"1420",3.87413708928235,-4.31835135070881,3
"1421",2.70373140313125,-8.74900734863773,3
"1422",4.52792941682731,-6.31571573935321,3
"1423",6.11794787282585,-9.06764132436849,3
"1424",8.70559702990623,-4.07166753259292,3
"1425",7.69143598140537,-5.45652977341546,3
"1426",4.46847226099518,-3.89311069200874,3
"1427",6.43677209895746,-8.08010214479983,3
"1428",6.9307488703473,-5.92379624396723,3
"1429",4.18122539368729,-8.89121262840834,3
"1430",8.73140292603069,-6.27940257989174,3
"1431",5.45671781121764,-9.23618730261909,3
"1432",8.18388974808517,-3.90204387367837,3
"1433",5.8609868488548,-3.69654746237334,3
"1434",5.93088336627334,-8.12014331814973,3
"1435",9.82319939978503,-6.77124310219645,3
"1436",5.9463157782659,-7.89208343502006,3
"1437",7.47740217899836,-5.39106161074307,3
"1438",7.58826009693864,-9.76579807662414,3
"1439",3.81223559319427,-9.34871397378728,3
"1440",4.94837138837974,-4.3811214300474,3
"1441",9.49798561662287,-5.45589154137859,3
"1442",6.05955843306886,-10.5737374542981,3
"1443",6.94040989157944,-10.6523023198112,3
"1444",2.38281903209054,-8.109245877743,3
"1445",8.49407609572227,-7.60767026870709,3
"1446",8.21743993644476,-4.95127079105633,3
"1447",4.03976485835241,-6.93448382942295,3
"1448",2.77490410534437,-6.87487484606126,3
"1449",4.59726887842101,-7.79595042732627,3
"1450",3.76169445275378,-6.40864710894414,3
"1451",6.88781286799846,-3.35562914131133,3
"1452",2.98878922160403,-8.07457040594692,3
"1453",6.19851335029943,-5.68169206466271,3
"1454",4.03547468811029,-4.49867994479395,3
"1455",7.67320967115797,-4.55838863107862,3
"1456",4.86346322418583,-9.94117954156435,3
"1457",6.18931477043339,-4.09966131575259,3
"1458",8.2480509719793,-4.26903843102666,3
"1459",4.50847209000086,-5.62316215804138,3
"1460",5.74156236417925,-7.57894379239259,3
"1461",8.97006878699746,-4.9455947023073,3
"1462",5.05358830654045,-5.61948370659328,3
"1463",6.95906110162128,-5.42690040327386,3
"1464",5.15150838215055,-9.4321776689147,3
"1465",5.7252458382472,-7.13974643523662,3
"1466",2.74833064654065,-6.93227604217114,3
"1467",7.5797604463413,-10.669445220493,3
"1468",3.49028710572631,-5.65301246146193,3
"1469",5.96980014040792,-3.26272234867135,3
"1470",7.56585330899759,-9.23104610040739,3
"1471",2.88223088267086,-4.97703418909631,3
"1472",6.30999400221691,-3.32778936521965,3
"1473",9.09695494924515,-7.62750800405492,3
"1474",8.63499504342003,-4.57123526383537,3
"1475",8.49138023580319,-10.027264117795,3
"1476",8.68219705458081,-6.48010982014072,3
"1477",5.4615507371814,-4.3288806326141,3
"1478",3.25928573240068,-4.90702648999688,3
"1479",8.9411318973593,-7.87550185476206,3
"1480",2.55074491270037,-6.74127752113648,3
"1481",3.21090954388976,-8.11292864687795,3
"1482",7.42056334634111,-5.58421680675324,3
"1483",6.62216983356109,-7.54653175163667,3
"1484",6.4069169818637,-5.59885785939025,3
"1485",6.93670490790061,-5.87279377684573,3
"1486",3.35704846437295,-4.5965526394717,3
"1487",5.74637730552984,-5.45904564920529,3
"1488",6.29790192272652,-4.29193903813915,3
"1489",4.89950882744214,-9.25089311801215,3
"1490",7.9104722695372,-9.39558391548691,3
"1491",8.93847086526873,-5.80047861579229,3
"1492",8.83590205423328,-5.42461950826669,3
"1493",9.46710084023196,-5.04762667795214,3
"1494",7.49533186011402,-9.12530631176046,3
"1495",4.62222983623723,-7.59360224398863,3
"1496",9.45190742654599,-5.04177228285277,3
"1497",8.5553879393243,-5.40669703572357,3
"1498",6.6080973884345,-4.30139484342689,3
"1499",9.56411241114024,-8.10698779706183,3
"1500",4.25618289143097,-7.55814622082834,3
"1501",-8.24741306759674,-8.29955750306804,4
"1502",-3.7426172498044,-2.86027221363164,4
"1503",-4.72449373933133,-4.33841042185422,4
"1504",-8.60454127651114,-2.83297399343203,4
"1505",-6.85050606615938,-4.74536180798955,4
"1506",-5.15821464478235,-7.7783310326451,4
"1507",-8.55413404766222,-5.22303351184625,4
"1508",-6.61117714121954,-6.70419987324845,4
"1509",-9.01328808170168,-3.21212748530518,4
"1510",-6.75099264084295,-6.88093385459392,4
"1511",-7.73480789941565,-8.05455986425212,4
"1512",-5.7526852160452,-8.51398916263187,4
"1513",-6.634565975401,-7.18570019350404,4
"1514",-9.79509377620852,-5.5352811953704,4
"1515",-4.12241943102116,-8.10713248058653,4
"1516",-6.04803137651752,-2.25561777581134,4
"1517",-7.08683455801024,-5.84388216176559,4
"1518",-4.57128727714057,-6.13285237513799,4
"1519",-7.4661270768719,-1.64713524903772,4
"1520",-5.69153911655571,-8.66754534721,4
"1521",-8.87347853311467,-6.71840763911734,4
"1522",-4.22180451858516,-5.80200726305002,4
"1523",-8.27597928178433,-5.32060051533266,4
"1524",-3.63204634339213,-3.76300359074266,4
"1525",-6.96813495420788,-2.21594600120631,4
"1526",-6.13586624730651,-4.74181499166023,4
"1527",-5.10134088118392,-7.67505811910521,4
"1528",-5.4731399288792,-4.04344809012368,4
"1529",-5.17944776182481,-6.09736067491573,4
"1530",-7.15600539844534,-1.89133266343484,4
"1531",-6.70338365427454,-8.58276905419699,4
"1532",-3.78142084048538,-7.73118028584746,4
"1533",-7.44583135371492,-2.2448462403324,4
"1534",-8.30146168202005,-4.81759541030138,4
"1535",-5.3777390228789,-5.27173324202292,4
"1536",-3.43000727855829,-4.9685568465927,4
"1537",-8.56840880007743,-5.36254703006649,4
"1538",-4.0057469899522,-3.47139198655893,4
"1539",-5.99077631443675,-4.84738800095591,4
"1540",-7.20447110000076,-6.81232925329935,4
"1541",-8.59006084627773,-3.10898741084357,4
"1542",-7.51831804053523,-2.55519184022608,4
"1543",-9.89632875399944,-5.68303715971612,4
"1544",-4.7254837896067,-2.90042265756097,4
"1545",-4.0358437774256,-7.00636966812134,4
"1546",-4.4474659181345,-2.18470196886444,4
"1547",-4.08630092493022,-7.03311779516141,4
"1548",-4.97958527738559,-2.54460437223973,4
"1549",-5.5610745060466,-1.62626348154537,4
"1550",-5.69869607502331,-2.36741529677849,4
"1551",-2.73046114571274,-6.3433070689751,4
"1552",-8.8711131309125,-4.7922022448829,4
"1553",-4.06025081459152,-2.20256060814429,4
"1554",-8.51918106641443,-6.69069059335282,4
"1555",-8.60102847810915,-5.00758071957281,4
"1556",-4.51445141645634,-1.52025446601073,4
"1557",-8.66486668927032,-3.19748599067002,4
"1558",-2.56659027861179,-6.33109783825469,4
"1559",-5.5858976110098,-4.9926912310539,4
"1560",-4.48957469661759,-1.9899702992712,4
"1561",-5.34513603170395,-2.94130670118563,4
"1562",-7.31241379112291,-7.27901507825976,4
"1563",-5.71343700626992,-8.94314497831034,4
"1564",-6.22126810109318,-6.44963958265283,4
"1565",-2.68486379019174,-6.11584075838518,4
"1566",-9.67324469062743,-3.59673809116159,4
"1567",-9.49630717810498,-5.18302823056869,4
"1568",-5.71473811979779,-6.9467818765266,4
"1569",-5.67521733418175,-7.77479898500791,4
"1570",-6.95938739163756,-3.68574939801071,4
"1571",-4.99937990265401,-4.11228975555021,4
"1572",-6.40151280401358,-2.82922989432905,4
"1573",-6.92744320696872,-2.40024373781275,4
"1574",-7.130721196889,-4.0561776292745,4
"1575",-9.43339093248147,-4.32137636418225,4
"1576",-8.61778630498027,-7.37861851142621,4
"1577",-4.88445519055423,-1.71582482474174,4
"1578",-3.97687084586009,-7.01558500516805,4
"1579",-4.55159527793195,-4.00015510827658,4
"1580",-8.61155093188517,-8.01535523395871,4
"1581",-5.83395502607733,-4.81737038310019,4
"1582",-4.02371983385905,-5.64840784334119,4
"1583",-3.84082557214062,-5.61187902568734,4
"1584",-5.87905471507328,-2.12345409883512,4
"1585",-8.28396447406293,-2.05263533319922,4
"1586",-7.65889257949255,-5.87201139205046,4
"1587",-4.28991825591338,-7.22596641754998,4
"1588",-8.86235867273113,-2.25867919572973,4
"1589",-5.84286664182645,-2.04243958440514,4
"1590",-9.01260449574833,-2.73127126852768,4
"1591",-4.79011955705087,-3.23965080605205,4
"1592",-3.05368704642273,-5.96176775331062,4
"1593",-7.1436181288816,-5.44978502449675,4
"1594",-8.26022760956999,-5.08756141523564,4
"1595",-4.57392408658033,-4.03295267438052,4
"1596",-8.92678660035891,-4.05754945751087,4
"1597",-3.81669185009387,-2.37748967305457,4
"1598",-6.49609694808345,-7.76038807129001,4
"1599",-9.13112319528997,-7.07496759233449,4
"1600",-3.86851195954581,-6.07313278831814,4
"1601",-6.8856415045015,-3.63543489351719,4
"1602",-8.81633237219071,-2.65864212715176,4
"1603",-5.00513869467243,-8.52361862996616,4
"1604",-4.652528103976,-4.56503604660882,4
"1605",-8.66851299677719,-3.43005590848909,4
"1606",-5.35638328467404,-4.71277966312513,4
"1607",-8.53677493837083,-4.03723460280627,4
"1608",-3.71077209916911,-5.02258428001648,4
"1609",-8.2173740691778,-5.17251166961978,4
"1610",-9.1980734260176,-7.17278503236969,4
"1611",-7.30336825193125,-8.65071484184022,4
"1612",-6.82136766773862,-5.91714661521733,4
"1613",-7.62713766881426,-7.80418323781199,4
"1614",-3.28791277761765,-4.76769835877629,4
"1615",-3.84976588390282,-6.01589862623083,4
"1616",-6.69743435717586,-6.2040170686239,4
"1617",-6.9319299866896,-7.4727745733638,4
"1618",-9.45819727416445,-6.6389903680304,4
"1619",-7.80554714909009,-6.76481590226208,4
"1620",-4.29402626625495,-5.18470937752947,4
"1621",-5.22693175527246,-3.13579729463196,4
"1622",-7.67250977643526,-7.88614406221144,4
"1623",-4.56087468817684,-2.37328073415498,4
"1624",-4.58683668103168,-2.55870284940109,4
"1625",-7.8932020298168,-3.44368316887111,4
"1626",-3.16171509748497,-5.99814038005777,4
"1627",-7.33478695479377,-4.66301584922232,4
"1628",-5.89156815171386,-7.07045916550357,4
"1629",-3.64323505567085,-6.4561601606722,4
"1630",-3.53697132485092,-8.02295768412102,4
"1631",-3.12292225297735,-6.91014408178437,4
"1632",-4.22895033273391,-8.46422298151237,4
"1633",-4.75912527610793,-7.11599374609185,4
"1634",-3.58906045858989,-1.86397656208757,4
"1635",-3.21644389661084,-6.59598106617982,4
"1636",-7.02901599776907,-3.21752436355207,4
"1637",-3.91834048557998,-6.30820355328759,4
"1638",-6.12118936462672,-7.90210566415751,4
"1639",-8.20640721920026,-3.27804672301552,4
"1640",-6.62047182127555,-2.38247161734922,4
"1641",-9.27296696994012,-5.63572348345269,4
"1642",-3.90724250290757,-5.79136083750253,4
"1643",-2.37513535149685,-6.35982826831851,4
"1644",-2.82734893655172,-7.073584090103,4
"1645",-4.29628176682194,-8.52400963706353,4
"1646",-4.8709702165784,-6.8849433677142,4
"1647",-7.37469229775721,-5.20501748300061,4
"1648",-5.38812834469543,-4.22676991822971,4
"1649",-7.7228642262284,-3.94215643387933,4
"1650",-8.23106389726582,-5.82638294160402,4
"1651",-4.75176604274544,-1.35439893510508,4
"1652",-6.55225613025892,-6.80948800537359,4
"1653",-9.42239805849435,-6.41630066936924,4
"1654",-3.86691687724437,-4.72797859179446,4
"1655",-8.91710620033535,-5.6776559506592,4
"1656",-9.13479606580677,-6.1809273995685,4
"1657",-2.79997486708159,-6.78169508077681,4
"1658",-6.2452083259639,-4.13202308271709,4
"1659",-7.80222007097007,-4.80577705657489,4
"1660",-7.3759326019653,-6.17885421612445,4
"1661",-7.07492769416579,-2.01933690215984,4
"1662",-6.3762609250004,-4.8755031301038,4
"1663",-8.3964386948724,-6.80589048592493,4
"1664",-8.42245399746058,-3.53025339857402,4
"1665",-6.58478508203439,-6.78415187037194,4
"1666",-7.02650481590143,-6.47185266361643,4
"1667",-6.33052161435983,-5.49996059453712,4
"1668",-8.21466977414217,-8.06407414903515,4
"1669",-8.5878332613352,-6.68753206690039,4
"1670",-7.26027048521313,-4.23424745356896,4
"1671",-7.0853572821071,-1.84706208842751,4
"1672",-8.6285665921522,-7.19323797323782,4
"1673",-7.72459960995906,-6.48062615577938,4
"1674",-6.3290942634604,-5.5725836123354,4
"1675",-4.61917063595582,-4.35376348060252,4
"1676",-2.76143454959577,-3.35413841870767,4
"1677",-7.90298946057811,-7.65315050154908,4
"1678",-8.11572239732372,-5.49990315003652,4
"1679",-5.06004054841437,-7.95540212590028,4
"1680",-9.54798544533335,-5.77975958480646,4
"1681",-7.94624053522143,-3.63896322994855,4
"1682",-9.10041301466676,-4.89970464262274,4
"1683",-7.44830183128053,-7.37306145559155,4
"1684",-5.81114529579835,-5.88118147062019,4
"1685",-5.31221531840926,-1.70261369167158,4
"1686",-9.63287749435193,-3.35237301364608,4
"1687",-6.79436947821093,-3.79513050896627,4
"1688",-4.99009820708861,-6.25337125258156,4
"1689",-5.26941641292305,-1.91820494561777,4
"1690",-5.29744826679175,-7.74886196278851,4
"1691",-5.86492287424024,-3.215540768625,4
"1692",-5.17740729087063,-2.94273846737003,4
"1693",-9.77100664090147,-5.14421730907095,4
"1694",-4.81807739252825,-3.70126342269444,4
"1695",-6.76109274067558,-7.95474557066079,4
"1696",-5.52581154758355,-1.81911678574834,4
"1697",-8.76637267936805,-2.46216031906142,4
"1698",-6.18225099769246,-4.0017773127004,4
"1699",-3.44432954607237,-4.83816848126374,4
"1700",-8.36102544986414,-2.64015901311399,4
"1701",-9.07791669219164,-4.16918063062029,4
"1702",-9.51465480034299,-6.77572612609615,4
"1703",-8.57192298228297,-7.71634780436777,4
"1704",-3.36281889921207,-2.15183692103613,4
"1705",-8.46972917201727,-2.55094516808041,4
"1706",-8.14690085306088,-2.04623134679288,4
"1707",-6.79966774444273,-4.21816762914958,4
"1708",-4.23038571529111,-6.50708072597713,4
"1709",-7.89968408401123,-2.32616342091428,4
"1710",-7.45527047224693,-8.33085038452784,4
"1711",-6.9695970402373,-6.75326224413682,4
"1712",-2.44092471115736,-5.91618706346408,4
"1713",-7.79825359412806,-3.95542793082221,4
"1714",-6.85080173685325,-6.61522549315565,4
"1715",-9.41869899963863,-3.95699744922311,4
"1716",-9.04447848526353,-4.8852249184739,4
"1717",-7.19080569379679,-5.38197613085622,4
"1718",-6.44477509816629,-5.99189422897954,4
"1719",-8.43934286612024,-3.79521490474487,4
"1720",-5.39482647725108,-6.36918646092382,4
"1721",-4.51517465541824,-4.11269317438895,4
"1722",-5.44947053959323,-3.07101563043123,4
"1723",-6.29589678679652,-1.70655725941964,4
"1724",-6.79475975665299,-3.78765261156602,4
"1725",-4.05431556098105,-5.93666418727349,4
"1726",-4.98613662169526,-8.73807860600362,4
"1727",-6.32549063827943,-2.89296992018079,4
"1728",-8.75357680415479,-5.87354972067575,4
"1729",-8.98051579104891,-2.82757497489649,4
"1730",-5.76422238649566,-8.07313988833063,4
"1731",-6.94681509659687,-5.17703883024994,4
"1732",-5.37718514237287,-5.13995296357013,4
"1733",-4.33400177763637,-8.27020998715941,4
"1734",-5.48982113048745,-7.10890340980965,4
"1735",-6.50058296306205,-8.25412783546658,4
"1736",-6.78339619336991,-4.57364109357375,4
"1737",-4.47331086711071,-5.90835091109513,4
"1738",-7.6194301148192,-8.24442828449068,4
"1739",-2.34143291423393,-4.55599732362658,4
"1740",-8.00260463228183,-4.62487584749838,4
"1741",-5.50794448396214,-3.04383549274353,4
"1742",-2.46882735989909,-4.57767260033684,4
"1743",-5.43682641078008,-8.95487918552327,4
"1744",-7.1697287148951,-1.3897730115007,4
"1745",-2.65854973294056,-3.85451659366616,4
"1746",-7.83264003800378,-2.56809208389729,4
"1747",-2.73272738407008,-6.13881219569291,4
"1748",-6.82261852815089,-3.73908061338303,4
"1749",-6.80492864812502,-2.39417798936755,4
"1750",-3.6927011750852,-4.09102103276068,4
"1751",-4.52954232520341,-7.41380149704208,4
"1752",-8.89186504935854,-4.60687423908449,4
"1753",-9.21848710286266,-6.05208746055491,4
"1754",-4.69640462794865,-6.45464527147813,4
"1755",-8.09342142106741,-3.95005369923177,4
"1756",-4.79954352352102,-6.25999107069852,4
"1757",-7.93044112319788,-4.63238348128214,4
"1758",-6.25309896801742,-5.81753513877723,4
"1759",-4.07006187555881,-6.795539073573,4
"1760",-7.50536536295037,-5.22863552237847,4
"1761",-7.88950243697301,-7.27778539524172,4
"1762",-7.78968765599912,-2.63345390735359,4
"1763",-7.37474345414809,-6.22912403480636,4
"1764",-6.84681189312355,-8.35014375979572,4
"1765",-3.2571673568801,-5.27798084967762,4
"1766",-8.55487235828004,-5.62849244589424,4
"1767",-7.36164841703633,-4.78930728649084,4
"1768",-5.16332270956224,-5.98422048753257,4
"1769",-8.70339123969369,-5.66447630302989,4
"1770",-9.22361284983834,-2.68525735940604,4
"1771",-6.33108063137101,-2.95625798660243,4
"1772",-9.0541441536919,-6.51360861948544,4
"1773",-4.1007121222663,-3.3848318635763,4
"1774",-3.11499641801563,-2.77480612957699,4
"1775",-6.33552472106305,-7.85831724241032,4
"1776",-7.738758340011,-5.9086789642596,4
"1777",-3.96649693720438,-2.88751034298078,4
"1778",-6.58662514199736,-1.11255351269792,4
"1779",-4.31490061434562,-3.02880963061012,4
"1780",-6.31283363346277,-5.24798063224595,4
"1781",-3.56064823816371,-3.31085024349431,4
"1782",-4.60479059032146,-3.3308198392187,4
"1783",-9.6516475576661,-6.14236925294953,4
"1784",-7.12680777533107,-7.42621922024686,4
"1785",-8.71859076643959,-6.51548182742832,4
"1786",-7.84392302682359,-8.24208643117399,4
"1787",-4.29689023837729,-6.95718745931021,4
"1788",-9.26949531452321,-6.82491578761744,4
"1789",-5.70299380333288,-2.04462306249283,4
"1790",-4.36974286490168,-1.84180816856565,4
"1791",-8.37562625504058,-7.34972810252624,4
"1792",-3.74470308120412,-2.56110075484334,4
"1793",-8.29709756005064,-4.5524960678481,4
"1794",-5.96115816615706,-7.09961333556173,4
"1795",-6.68619167066534,-3.71109925353618,4
"1796",-3.69834762093188,-4.52626278155624,4
"1797",-5.71494096224884,-7.01361434737921,4
"1798",-5.41018639990188,-1.90851538352552,4
"1799",-5.98223815305856,-8.46405380652704,4
"1800",-9.7904285973381,-5.32266443618214,4
"1801",-4.38382022049742,-2.0260984264292,4
"1802",-5.27062957224383,-2.77720005356455,4
"1803",-4.55739971646928,-4.77766028051179,4
"1804",-3.25783083945277,-2.89890919022089,4
"1805",-8.34966751651965,-5.1980782429338,4
"1806",-6.57100991727073,-1.14496570795749,4
"1807",-3.61502797143556,-6.04737122385056,4
"1808",-7.04470004709914,-1.64480376667135,4
"1809",-7.01669137615067,-5.89432318595945,4
"1810",-5.29259452170513,-5.7668107545568,4
"1811",-5.60416824198167,-7.25438260828437,4
"1812",-7.1411801725208,-4.98016423619012,4
"1813",-6.61899350199425,-1.74398970584275,4
"1814",-7.31089869253698,-7.56334964003638,4
"1815",-3.9669450557023,-1.77298289977051,4
"1816",-5.83420239572807,-2.80354020529996,4
"1817",-7.63037844532574,-4.30919828219947,4
"1818",-7.61713041424648,-8.13164498955737,4
"1819",-3.84375475072838,-5.12062688858314,4
"1820",-3.11123658317817,-4.35876347010912,4
"1821",-8.38284772869273,-7.38794016478921,4
"1822",-7.30311616791857,-7.49355812720806,4
"1823",-4.49488979623481,-5.09118599226972,4
"1824",-3.09581362638719,-5.58639978409698,4
"1825",-8.21143190812046,-4.17586741700755,4
"1826",-2.69656098935431,-3.63833964012127,4
"1827",-5.06723276804479,-4.38985893020892,4
"1828",-8.63026791357265,-5.72215233149329,4
"1829",-7.2358055427707,-3.03284550296814,4
"1830",-4.2836960287402,-6.04785679285687,4
"1831",-5.08991166771574,-6.33164215995789,4
"1832",-3.16962719701746,-4.32392819045923,4
"1833",-4.41124140640588,-2.40005614879829,4
"1834",-4.6867271554231,-5.31631138313603,4
"1835",-3.39966117749117,-7.01663060355941,4
"1836",-4.39234676008983,-6.84537591445642,4
"1837",-4.76406583043515,-8.36249412650526,4
"1838",-7.66173285309882,-5.75555803902637,4
"1839",-6.62682755503959,-5.73236517591164,4
"1840",-3.02963586029763,-2.71302294598347,4
"1841",-7.98680934840916,-3.33550001839561,4
"1842",-9.32977804103968,-6.47171829153654,4
"1843",-4.23406366986435,-4.11565908020861,4
"1844",-3.97236307656238,-4.31547049709543,4
"1845",-9.13597936711332,-5.8422922291445,4
"1846",-8.79790236395603,-5.91985504228507,4
"1847",-4.28384589910736,-6.22134059734846,4
"1848",-4.76026047767132,-6.3741456217312,4
"1849",-5.17918806910823,-3.41165500585127,4
"1850",-7.55549487420148,-1.4760209737997,4
"1851",-4.71606953486726,-1.21647352686039,4
"1852",-3.48876045761724,-6.32827172027642,4
"1853",-4.64410580004356,-4.2483439238807,4
"1854",-6.01068415698343,-5.86129554633188,4
"1855",-3.98639518263035,-6.95708269134916,4
"1856",-7.82922197474153,-1.70572692252016,4
"1857",-5.73541402576808,-3.86751377724052,4
"1858",-4.58034798404973,-5.17230899646296,4
"1859",-3.03205539746258,-6.76538464427958,4
"1860",-9.05558724715669,-3.19251013491259,4
"1861",-6.15335187832103,-5.76750291467142,4
"1862",-9.35524239381684,-6.48050903587501,4
"1863",-9.214144493674,-6.21120273174759,4
"1864",-6.60870625848895,-1.29591924269813,4
"1865",-8.87790036798284,-2.38211868919502,4
"1866",-6.36333918970982,-5.68412196285971,4
"1867",-4.55697245400233,-3.24313036125669,4
"1868",-6.02598823067632,-2.38287878067207,4
"1869",-4.3111174640512,-4.36822360101804,4
"1870",-2.95192953403772,-7.58875925319446,4
"1871",-9.10541600009691,-3.91040966390576,4
"1872",-7.16055567186598,-4.34273370921327,4
"1873",-5.13225729006552,-6.19095625942404,4
"1874",-6.78600962357771,-5.05369353995963,4
"1875",-4.00430541869132,-4.96843644725572,4
"1876",-7.55785344754613,-7.63325835713789,4
"1877",-4.10850675200914,-3.77286593856294,4
"1878",-8.9142747713208,-5.40991345758002,4
"1879",-6.1471812286419,-4.23802856190708,4
"1880",-7.59920874816194,-6.61339397535055,4
"1881",-8.19873432911243,-3.12795458207504,4
"1882",-5.79246499516653,-6.86070363771056,4
"1883",-2.61487755677241,-3.87313312545753,4
"1884",-9.14972268582071,-6.8534473617088,4
"1885",-3.91866161324534,-4.44115526395396,4
"1886",-5.68485995975175,-7.65543494507744,4
"1887",-3.29414149479879,-5.33028689746735,4
"1888",-9.02628323563592,-6.54304316090553,4
"1889",-9.11773589335517,-4.02805319412371,4
"1890",-7.93298539521803,-6.26806130667817,4
"1891",-5.32528838328009,-7.28515537844854,4
"1892",-5.98216839089166,-5.39429501649048,4
"1893",-5.88012049945529,-2.14177431055409,4
"1894",-7.10304163131507,-2.28629349534197,4
"1895",-5.05462120649881,-7.30074744794732,4
"1896",-6.25815355255018,-6.39840857276897,4
"1897",-8.04291832370545,-8.39984199499838,4
"1898",-3.33855742603517,-3.08931804007459,4
"1899",-4.87617331309508,-7.3917246026956,4
"1900",-5.28605602410996,-5.59059274723738,4
"1901",-3.04729817718269,-4.310057259267,4
"1902",-3.55241226409017,-7.92497596479203,4
"1903",-9.15234887251934,-3.37583740469803,4
"1904",-4.57457766588809,-7.05079917772483,4
"1905",-4.8123129182978,-3.52471256269809,4
"1906",-3.54086534510256,-7.59558788047004,4
"1907",-3.20878539340677,-2.733774664025,4
"1908",-7.37663920559513,-3.73792894353047,4
"1909",-8.62311490593872,-2.21544084727285,4
"1910",-5.96204391746506,-6.31867097726612,4
"1911",-3.2254635829374,-6.82731965986504,4
"1912",-9.34586376801935,-6.52512770909871,4
"1913",-6.01081714988561,-7.68799654176085,4
"1914",-7.3469331650444,-5.60339305982525,4
"1915",-5.4011549737673,-7.99534014962942,4
"1916",-8.28940564812403,-2.56533256503272,4
"1917",-4.59695402746599,-2.37910841449808,4
"1918",-8.76719389730915,-2.61374056729866,4
"1919",-5.9521528322355,-6.49458266775196,4
"1920",-6.05530616055019,-7.89186612169398,4
"1921",-8.98785585075847,-4.48028561170215,4
"1922",-2.8017344923363,-3.68574449613445,4
"1923",-5.43990630509029,-5.48950159552101,4
"1924",-4.03402131775371,-2.3331874029401,4
"1925",-4.06640037470609,-2.99311534733133,4
"1926",-9.02951748826125,-5.9914083625659,4
"1927",-5.72845400864538,-5.81540173609428,4
"1928",-9.23488209487873,-5.3687926902094,4
"1929",-2.69157960781868,-6.49652431293793,4
"1930",-5.49536150213895,-3.16511020220583,4
"1931",-4.38189756014884,-6.71213815338567,4
"1932",-3.42165625702261,-6.82297155237426,4
"1933",-9.02833145193102,-4.0035544165441,4
"1934",-3.98111384883857,-7.98806029357646,4
"1935",-6.09722911442137,-4.66029690026904,4
"1936",-5.50749820189572,-5.83670607819879,4
"1937",-5.31385926203722,-3.45006255519511,4
"1938",-3.91101062152201,-3.44971596286142,4
"1939",-7.30209567393094,-2.59293503507304,4
"1940",-3.75322248822338,-3.5745333038737,4
"1941",-2.95677675574494,-5.48348546000986,4
"1942",-7.02522975803477,-3.58227802523116,4
"1943",-6.56587116515798,-4.25904068537714,4
"1944",-5.93438554278499,-6.53486248456911,4
"1945",-6.99693083080273,-3.46828418921902,4
"1946",-7.01069932356811,-8.77136799753213,4
"1947",-6.6732892744366,-4.58974014916376,4
"1948",-7.98843653054125,-2.29804434134374,4
"1949",-9.66665601150426,-5.42751601802275,4
"1950",-3.28284587464846,-6.22138878376215,4
"1951",-7.14048136899317,-2.71949707651303,4
"1952",-7.15559707003087,-5.82315414394883,4
"1953",-6.11141441132417,-7.1272899415325,4
"1954",-4.75942241275222,-5.04144545405258,4
"1955",-5.51688958742289,-5.64835959366757,4
"1956",-7.72352301299413,-5.41951408403028,4
"1957",-9.79748015843067,-3.76835993852502,4
"1958",-7.46683792146259,-3.41047160736752,4
"1959",-5.00406108292022,-7.40370700792039,4
"1960",-8.4703924447899,-6.92364869864046,4
"1961",-6.06049719837821,-1.16275817307718,4
"1962",-7.73843069619871,-6.69249435214209,4
"1963",-6.3539857070385,-7.13367913085625,4
"1964",-8.22193661019359,-8.08660409316465,4
"1965",-4.44492666548401,-1.66852281789949,4
"1966",-3.3294779488722,-3.63707121586162,4
"1967",-4.78759794777389,-3.97435438247744,4
"1968",-8.16276391728954,-5.092509290621,4
"1969",-6.07911165267654,-6.96182806418426,4
"1970",-9.07913717166381,-5.00150314534091,4
"1971",-6.83992180411521,-6.69432540573945,4
"1972",-7.6548635326033,-7.66480639946852,4
"1973",-3.25992572244294,-7.56001581134816,4
"1974",-6.31039032555556,-6.43101031589189,4
"1975",-4.72947530225314,-4.46898075112981,4
"1976",-7.75497110435824,-2.52930301869746,4
"1977",-5.65506602700166,-5.85653957134783,4
"1978",-5.67667546441294,-3.3110493267038,4
"1979",-3.11515437714989,-2.77486930777984,4
"1980",-6.54650843824557,-7.98780396607833,4
"1981",-3.28428867621488,-2.90262524327272,4
"1982",-5.96198040261162,-5.70067834643298,4
"1983",-3.64781561248353,-3.8585376912238,4
"1984",-4.50679745417289,-4.47534121302889,4
"1985",-8.97246802006378,-2.65090069638666,4
"1986",-8.36643984674718,-4.31607808223644,4
"1987",-3.26153304990618,-4.31827097292417,4
"1988",-7.60948132696599,-7.93295972716095,4
"1989",-6.54193198302152,-7.48656610431502,4
"1990",-6.01340327020572,-6.79741792639115,4
"1991",-4.9082170094692,-5.21012355423122,4
"1992",-7.05603912390863,-8.29722179265724,4
"1993",-7.1644432223884,-7.24281782618844,4
"1994",-6.54172066221687,-2.08800527359304,4
"1995",-7.84192938722385,-5.90105674842548,4
"1996",-2.50487542923694,-4.41155028444617,4
"1997",-2.12329138384429,-4.15218295826104,4
"1998",-5.56740903076633,-4.38688462373977,4
"1999",-2.86570823271125,-7.22040667001121,4
"2000",-5.5430525007637,-3.92013930703393,4
